{"v":"5.12.1","fr":30,"ip":0,"op":69,"w":744,"h":512,"nm":"Typing","ddd":0,"assets":[],"layers":[{"ddd":0,"ind":1,"ty":4,"nm":"Shape Layer 15","sr":1,"ks":{"o":{"a":0,"k":100,"ix":11},"r":{"a":1,"k":[{"i":{"x":[0.667],"y":[1]},"o":{"x":[0.333],"y":[0]},"t":0,"s":[0]},{"i":{"x":[0.667],"y":[1]},"o":{"x":[0.333],"y":[0]},"t":8,"s":[104]},{"i":{"x":[0.667],"y":[0.886]},"o":{"x":[0.333],"y":[0]},"t":9,"s":[105.222]},{"i":{"x":[0.667],"y":[1]},"o":{"x":[0.333],"y":[0.129]},"t":17,"s":[178]},{"i":{"x":[0.667],"y":[0.851]},"o":{"x":[0.333],"y":[0]},"t":29,"s":[275]},{"i":{"x":[0.667],"y":[1]},"o":{"x":[0.333],"y":[0.069]},"t":36,"s":[210]},{"i":{"x":[0.667],"y":[1]},"o":{"x":[0.333],"y":[0]},"t":42,"s":[89]},{"i":{"x":[0.667],"y":[0.949]},"o":{"x":[0.333],"y":[0]},"t":44,"s":[88.6]},{"i":{"x":[0.667],"y":[1]},"o":{"x":[0.333],"y":[0.068]},"t":52,"s":[22]},{"i":{"x":[0.667],"y":[1]},"o":{"x":[0.333],"y":[0]},"t":64,"s":[-53]},{"t":67,"s":[0]}],"ix":10},"p":{"a":1,"k":[{"i":{"x":0.941,"y":0.949},"o":{"x":0.745,"y":0.511},"t":0,"s":[388.25,391.75,0],"to":[3.625,9.917,0],"ti":[-1,-14.125,0]},{"i":{"x":0.667,"y":0.946},"o":{"x":0.333,"y":0.013},"t":8,"s":[398,439.25,0],"to":[3.625,1.125,0],"ti":[2.667,37.167,0]},{"i":{"x":0.667,"y":0.929},"o":{"x":0.333,"y":0.293},"t":10,"s":[398,173.25,0],"to":[-13.167,-84.167,0],"ti":[31.5,-3,0]},{"i":{"x":0.973,"y":0.996},"o":{"x":0.948,"y":0.144},"t":17,"s":[286.25,60.75,0],"to":[-75,30.5,0],"ti":[0.75,-22.75,0]},{"i":{"x":0.413,"y":0.766},"o":{"x":0.149,"y":0.085},"t":29,"s":[188.25,451.75,0],"to":[-2.75,-21.25,0],"ti":[3.896,1.979,0]},{"i":{"x":0.984,"y":1},"o":{"x":0.905,"y":0.332},"t":36,"s":[173.25,390,0],"to":[-3.896,-1.979,0],"ti":[1.167,22.458,0]},{"i":{"x":0.667,"y":0.924},"o":{"x":0.333,"y":0},"t":42,"s":[164.875,439.875,0],"to":[-1.167,-22.458,0],"ti":[-18.229,63.104,0]},{"i":{"x":0.268,"y":0.874},"o":{"x":0.064,"y":0.047},"t":44,"s":[166.25,255.25,0],"to":[18.229,-63.104,0],"ti":[-44.544,6.235,0]},{"i":{"x":0.913,"y":0.994},"o":{"x":0.76,"y":0.105},"t":52,"s":[274.25,61.25,0],"to":[115.167,-3.667,0],"ti":[-2.75,-23.25,0]},{"i":{"x":0.354,"y":0.921},"o":{"x":0.161,"y":0.02},"t":64,"s":[377.25,449.25,0],"to":[3.25,-20.25,0],"ti":[-2.775,-7.59,0]},{"t":67,"s":[388.25,391.75,0]}],"ix":2,"l":2},"a":{"a":0,"k":[38.25,117.75,0],"ix":1,"l":2},"s":{"a":0,"k":[100,100,100],"ix":6,"l":2}},"ao":0,"shapes":[{"ty":"gr","it":[{"ind":0,"ty":"sh","ix":1,"ks":{"a":1,"k":[{"i":{"x":0.833,"y":0.833},"o":{"x":0.167,"y":0.167},"t":7,"s":[{"i":[[-9.941,0],[0,-9.941],[9.941,0],[0,9.941]],"o":[[9.941,0],[0,9.941],[-9.941,0],[0,-9.941]],"v":[[0,-18],[18,0],[0,18],[-18,0]],"c":true}]},{"i":{"x":0.833,"y":0.833},"o":{"x":0.167,"y":0.167},"t":8,"s":[{"i":[[-9.144,-0.59],[-1.956,-9.54],[9.921,0.625],[2.017,9.267]],"o":[[6.796,0.439],[1.997,9.738],[-8.136,-0.512],[-2.114,-9.714]],"v":[[3.977,-26.335],[18,0],[13.486,26.619],[-1.991,-2.446]],"c":true}]},{"i":{"x":0.833,"y":0.833},"o":{"x":0.167,"y":0.167},"t":9,"s":[{"i":[[-9.144,-0.59],[-5.865,-22.75],[15.272,-4.303],[6.331,27.21]],"o":[[6.796,0.439],[5.495,21.316],[-7.847,2.211],[-3.545,-15.234]],"v":[[8.214,-15.539],[125.033,-27.471],[12.764,17.523],[-67.236,13.852]],"c":true}]},{"i":{"x":0.833,"y":0.833},"o":{"x":0.167,"y":0.167},"t":10,"s":[{"i":[[-9.941,0],[0,-9.941],[9.941,0],[0,9.941]],"o":[[9.941,0],[0,9.941],[-9.941,0],[0,-9.941]],"v":[[0,-18],[18,0],[0,18],[-18,0]],"c":true}]},{"i":{"x":0.833,"y":0.833},"o":{"x":0.167,"y":0.167},"t":28,"s":[{"i":[[-9.941,0],[0,-9.941],[9.941,0],[0,9.941]],"o":[[9.941,0],[0,9.941],[-9.941,0],[0,-9.941]],"v":[[0,-18],[18,0],[0,18],[-18,0]],"c":true}]},{"i":{"x":0.833,"y":0.833},"o":{"x":0.167,"y":0.167},"t":29,"s":[{"i":[[-9.941,0],[0,-9.941],[9.941,0],[0,9.941]],"o":[[9.941,0],[0,9.941],[-9.941,0],[0,-9.941]],"v":[[-1.657,-26.082],[12.342,0.436],[1.588,25.713],[-14.454,-0.754]],"c":true}]},{"i":{"x":0.833,"y":0.833},"o":{"x":0.167,"y":0.167},"t":30,"s":[{"i":[[-9.941,0],[0,-9.941],[9.941,0],[0,9.941]],"o":[[9.941,0],[0,9.941],[-9.941,0],[0,-9.941]],"v":[[0,-18],[18,0],[0,18],[-18,0]],"c":true}]},{"i":{"x":0.833,"y":0.833},"o":{"x":0.167,"y":0.167},"t":36,"s":[{"i":[[-9.941,0],[0,-9.941],[9.941,0],[0,9.941]],"o":[[9.941,0],[0,9.941],[-9.941,0],[0,-9.941]],"v":[[0,-18],[18,0],[0,18],[-18,0]],"c":true}]},{"i":{"x":0.833,"y":0.833},"o":{"x":0.167,"y":0.167},"t":41,"s":[{"i":[[-9.941,0],[0,-9.941],[9.941,0],[0,9.941]],"o":[[9.941,0],[0,9.941],[-9.941,0],[0,-9.941]],"v":[[0,-18],[18,0],[0,18],[-18,0]],"c":true}]},{"i":{"x":0.833,"y":0.833},"o":{"x":0.167,"y":0.167},"t":42,"s":[{"i":[[-5.483,0],[0,-15.384],[5.483,0],[0,15.384]],"o":[[5.483,0],[0,15.384],[-5.483,0],[0,-15.384]],"v":[[8.072,-28.945],[18,-1.09],[8.072,26.765],[-1.855,-1.09]],"c":true}]},{"i":{"x":0.833,"y":0.833},"o":{"x":0.167,"y":0.167},"t":43,"s":[{"i":[[-7.712,0],[0.25,-15.884],[7.712,0],[-0.261,17.676]],"o":[[7.712,0],[0.835,18.005],[-7.712,0],[0.227,-18.561]],"v":[[39.736,-14.724],[97.489,0.778],[41.557,15.791],[-9.928,-0.545]],"c":true}]},{"i":{"x":0.833,"y":0.833},"o":{"x":0.167,"y":0.167},"t":44,"s":[{"i":[[-9.941,0],[-1.849,-22.843],[9.941,0],[-0.523,19.968]],"o":[[9.941,0],[1.67,20.627],[-9.941,0],[0.741,-28.306]],"v":[[72.239,-16.739],[176.978,2.646],[72.239,19.261],[-18,0]],"c":true}]},{"t":45,"s":[{"i":[[-9.941,0],[0,-9.941],[9.941,0],[0,9.941]],"o":[[9.941,0],[0,9.941],[-9.941,0],[0,-9.941]],"v":[[0,-18],[18,0],[0,18],[-18,0]],"c":true}]}],"ix":2},"nm":"Path 1","mn":"ADBE Vector Shape - Group","hd":false},{"ty":"st","c":{"a":0,"k":[0.007843137255,0.007843137255,0.007843137255,1],"ix":3},"o":{"a":0,"k":100,"ix":4},"w":{"a":0,"k":1,"ix":5},"lc":1,"lj":1,"ml":4,"bm":0,"nm":"Stroke 1","mn":"ADBE Vector Graphic - Stroke","hd":false},{"ty":"tr","p":{"a":0,"k":[38.25,117.75],"ix":2},"a":{"a":0,"k":[0,0],"ix":1},"s":{"a":0,"k":[100,100],"ix":3},"r":{"a":0,"k":0,"ix":6},"o":{"a":0,"k":100,"ix":7},"sk":{"a":0,"k":0,"ix":4},"sa":{"a":0,"k":0,"ix":5},"nm":"Transform"}],"nm":"Ellipse 1","np":3,"cix":2,"bm":0,"ix":1,"mn":"ADBE Vector Group","hd":false},{"ty":"gr","it":[{"ind":0,"ty":"sh","ix":1,"ks":{"a":1,"k":[{"i":{"x":0.833,"y":0.833},"o":{"x":0.167,"y":0.167},"t":7,"s":[{"i":[[-9.941,0],[3.231,-4.852],[-1,-6.5],[-3.53,-2.445],[6.51,0],[0,9.941]],"o":[[7.638,0],[-6.123,9.195],[0.68,4.417],[4.138,2.866],[-9.941,0],[0,-9.941]],"v":[[0,-18],[-4.981,-5.773],[2.438,1.188],[7.905,6.132],[0,18],[-18,0]],"c":true}]},{"i":{"x":0.833,"y":0.833},"o":{"x":0.167,"y":0.167},"t":8,"s":[{"i":[[-8.72,-0.438],[0.9,-5.76],[-1,-6.5],[-3.53,-2.445],[6.488,0.535],[2.048,8.873]],"o":[[7.629,0.383],[-1.266,8.103],[0.68,4.417],[4.138,2.866],[-8.045,-0.664],[-2.235,-9.687]],"v":[[3.977,-26.335],[3.934,-8.253],[7.773,1.918],[13.24,6.863],[13.486,26.619],[-1.991,-2.446]],"c":true}]},{"i":{"x":0.833,"y":0.833},"o":{"x":0.167,"y":0.167},"t":9,"s":[{"i":[[-8.72,-0.438],[0.9,-5.76],[-1,-6.5],[-3.53,-2.445],[6.409,-1.139],[6.348,27.208]],"o":[[7.629,0.383],[-1.266,8.103],[0.68,4.417],[4.138,2.866],[-8.798,1.563],[-3.61,-15.475]],"v":[[8.214,-15.539],[3.934,-8.253],[7.773,1.918],[13.24,6.863],[12.764,17.523],[-67.236,13.852]],"c":true}]},{"i":{"x":0.833,"y":0.833},"o":{"x":0.167,"y":0.167},"t":10,"s":[{"i":[[-9.941,0],[3.231,-4.852],[-1,-6.5],[-3.53,-2.445],[6.51,0],[0,9.941]],"o":[[7.638,0],[-6.123,9.195],[0.68,4.417],[4.138,2.866],[-9.941,0],[0,-9.941]],"v":[[0,-18],[-4.981,-5.773],[2.438,1.188],[7.905,6.132],[0,18],[-18,0]],"c":true}]},{"i":{"x":0.833,"y":0.833},"o":{"x":0.167,"y":0.167},"t":28,"s":[{"i":[[-9.941,0],[3.231,-4.852],[-1,-6.5],[-3.53,-2.445],[6.51,0],[0,9.941]],"o":[[7.638,0],[-6.123,9.195],[0.68,4.417],[4.138,2.866],[-9.941,0],[0,-9.941]],"v":[[0,-18],[-4.981,-5.773],[2.438,1.188],[7.905,6.132],[0,18],[-18,0]],"c":true}]},{"i":{"x":0.833,"y":0.833},"o":{"x":0.167,"y":0.167},"t":29,"s":[{"i":[[-9.941,0],[2.321,-5.347],[-1,-6.5],[-2.742,-3.304],[6.51,0],[0,9.941]],"o":[[7.638,0],[-3.999,9.215],[0.68,4.417],[3.323,4.005],[-9.941,0],[0,-9.941]],"v":[[-1.657,-26.082],[-5.058,-12.146],[-4.414,0.216],[0.844,10.189],[1.588,25.713],[-14.454,-0.754]],"c":true}]},{"i":{"x":0.833,"y":0.833},"o":{"x":0.167,"y":0.167},"t":30,"s":[{"i":[[-9.941,0],[3.231,-4.852],[-1,-6.5],[-3.53,-2.445],[6.51,0],[0,9.941]],"o":[[7.638,0],[-6.123,9.195],[0.68,4.417],[4.138,2.866],[-9.941,0],[0,-9.941]],"v":[[0,-18],[-4.981,-5.773],[2.438,1.188],[7.905,6.132],[0,18],[-18,0]],"c":true}]},{"i":{"x":0.833,"y":0.833},"o":{"x":0.167,"y":0.167},"t":36,"s":[{"i":[[-9.941,0],[3.231,-4.852],[-1,-6.5],[-3.53,-2.445],[6.51,0],[0,9.941]],"o":[[7.638,0],[-6.123,9.195],[0.68,4.417],[4.138,2.866],[-9.941,0],[0,-9.941]],"v":[[0,-18],[-4.981,-5.773],[2.438,1.188],[7.905,6.132],[0,18],[-18,0]],"c":true}]},{"i":{"x":0.833,"y":0.833},"o":{"x":0.167,"y":0.167},"t":41,"s":[{"i":[[-9.941,0],[3.231,-4.852],[-1,-6.5],[-3.53,-2.445],[6.51,0],[0,9.941]],"o":[[7.638,0],[-6.123,9.195],[0.68,4.417],[4.138,2.866],[-9.941,0],[0,-9.941]],"v":[[0,-18],[-4.981,-5.773],[2.438,1.188],[7.905,6.132],[0,18],[-18,0]],"c":true}]},{"i":{"x":0.833,"y":0.833},"o":{"x":0.167,"y":0.167},"t":42,"s":[{"i":[[-5.483,0],[1.782,-7.508],[-0.552,-10.059],[-1.947,-3.783],[3.59,0],[0,15.384]],"o":[[4.213,0],[-3.377,14.229],[0.375,6.836],[2.282,4.435],[-5.483,0],[0,-15.384]],"v":[[8.072,-28.945],[5.325,-10.024],[9.417,0.748],[12.432,8.399],[8.072,26.765],[-1.855,-1.09]],"c":true}]},{"i":{"x":0.833,"y":0.833},"o":{"x":0.167,"y":0.167},"t":43,"s":[{"i":[[-7.712,0],[2.507,-6.18],[-0.776,-8.279],[-2.738,-3.114],[5.05,0],[-0.277,18.157]],"o":[[5.925,0],[-4.75,11.712],[0.527,5.626],[3.21,3.65],[-7.712,0],[0.227,-18.561]],"v":[[39.736,-14.724],[36.292,-7.268],[42.047,1.598],[46.288,7.896],[41.557,15.791],[-9.928,-0.545]],"c":true}]},{"i":{"x":0.833,"y":0.833},"o":{"x":0.167,"y":0.167},"t":44,"s":[{"i":[[-9.941,0],[3.231,-4.852],[-1,-6.5],[-3.53,-2.445],[6.51,0],[-0.553,20.93]],"o":[[7.638,0],[-6.123,9.195],[0.68,4.417],[4.138,2.866],[-9.941,0],[0.728,-27.556]],"v":[[72.239,-16.739],[67.258,-4.512],[74.676,2.449],[80.144,7.393],[72.239,19.261],[-18,0]],"c":true}]},{"t":45,"s":[{"i":[[-9.941,0],[3.231,-4.852],[-1,-6.5],[-3.53,-2.445],[6.51,0],[0,9.941]],"o":[[7.638,0],[-6.123,9.195],[0.68,4.417],[4.138,2.866],[-9.941,0],[0,-9.941]],"v":[[0,-18],[-4.981,-5.773],[2.438,1.188],[7.905,6.132],[0,18],[-18,0]],"c":true}]}],"ix":2},"nm":"Path 1","mn":"ADBE Vector Shape - Group","hd":false},{"ty":"fl","c":{"a":0,"k":[0,0,0,1],"ix":4},"o":{"a":0,"k":100,"ix":5},"r":1,"bm":0,"nm":"Fill 1","mn":"ADBE Vector Graphic - Fill","hd":false},{"ty":"tr","p":{"a":0,"k":[38.25,117.75],"ix":2},"a":{"a":0,"k":[0,0],"ix":1},"s":{"a":0,"k":[100,100],"ix":3},"r":{"a":0,"k":0,"ix":6},"o":{"a":0,"k":100,"ix":7},"sk":{"a":0,"k":0,"ix":4},"sa":{"a":0,"k":0,"ix":5},"nm":"Transform"}],"nm":"Ellipse 2","np":3,"cix":2,"bm":0,"ix":2,"mn":"ADBE Vector Group","hd":false},{"ty":"gr","it":[{"ind":0,"ty":"sh","ix":1,"ks":{"a":1,"k":[{"i":{"x":0.833,"y":0.833},"o":{"x":0.167,"y":0.167},"t":7,"s":[{"i":[[-9.941,0],[0,-9.941],[9.941,0],[0,9.941]],"o":[[9.941,0],[0,9.941],[-9.941,0],[0,-9.941]],"v":[[0,-18],[18,0],[0,18],[-18,0]],"c":true}]},{"i":{"x":0.833,"y":0.833},"o":{"x":0.167,"y":0.167},"t":8,"s":[{"i":[[-9.144,-0.59],[-1.956,-9.54],[9.921,0.625],[2.017,9.267]],"o":[[6.796,0.439],[1.997,9.738],[-8.136,-0.512],[-2.114,-9.714]],"v":[[3.977,-26.335],[18,0],[13.486,26.619],[-1.991,-2.446]],"c":true}]},{"i":{"x":0.833,"y":0.833},"o":{"x":0.167,"y":0.167},"t":9,"s":[{"i":[[-9.144,-0.59],[-6.058,-22.44],[15.272,-4.303],[6.77,27.105]],"o":[[6.796,0.439],[5.769,21.371],[-7.847,2.211],[-3.819,-15.289]],"v":[[8.214,-15.539],[125.033,-27.471],[12.764,17.523],[-67.236,13.852]],"c":true}]},{"i":{"x":0.833,"y":0.833},"o":{"x":0.167,"y":0.167},"t":10,"s":[{"i":[[-9.941,0],[0,-9.941],[9.941,0],[0,9.941]],"o":[[9.941,0],[0,9.941],[-9.941,0],[0,-9.941]],"v":[[0,-18],[18,0],[0,18],[-18,0]],"c":true}]},{"i":{"x":0.833,"y":0.833},"o":{"x":0.167,"y":0.167},"t":28,"s":[{"i":[[-9.941,0],[0,-9.941],[9.941,0],[0,9.941]],"o":[[9.941,0],[0,9.941],[-9.941,0],[0,-9.941]],"v":[[0,-18],[18,0],[0,18],[-18,0]],"c":true}]},{"i":{"x":0.833,"y":0.833},"o":{"x":0.167,"y":0.167},"t":29,"s":[{"i":[[-9.941,0],[0,-9.941],[9.941,0],[0,9.941]],"o":[[9.941,0],[0,9.941],[-9.941,0],[0,-9.941]],"v":[[-1.657,-26.082],[12.342,0.436],[1.588,25.713],[-14.454,-0.754]],"c":true}]},{"i":{"x":0.833,"y":0.833},"o":{"x":0.167,"y":0.167},"t":30,"s":[{"i":[[-9.941,0],[0,-9.941],[9.941,0],[0,9.941]],"o":[[9.941,0],[0,9.941],[-9.941,0],[0,-9.941]],"v":[[0,-18],[18,0],[0,18],[-18,0]],"c":true}]},{"i":{"x":0.833,"y":0.833},"o":{"x":0.167,"y":0.167},"t":36,"s":[{"i":[[-9.941,0],[0,-9.941],[9.941,0],[0,9.941]],"o":[[9.941,0],[0,9.941],[-9.941,0],[0,-9.941]],"v":[[0,-18],[18,0],[0,18],[-18,0]],"c":true}]},{"i":{"x":0.833,"y":0.833},"o":{"x":0.167,"y":0.167},"t":41,"s":[{"i":[[-9.941,0],[0,-9.941],[9.941,0],[0,9.941]],"o":[[9.941,0],[0,9.941],[-9.941,0],[0,-9.941]],"v":[[0,-18],[18,0],[0,18],[-18,0]],"c":true}]},{"i":{"x":0.833,"y":0.833},"o":{"x":0.167,"y":0.167},"t":42,"s":[{"i":[[-5.483,0],[0,-15.384],[5.483,0],[0,15.384]],"o":[[5.483,0],[0,15.384],[-5.483,0],[0,-15.384]],"v":[[8.072,-28.945],[18,-1.09],[8.072,26.765],[-1.855,-1.09]],"c":true}]},{"i":{"x":0.833,"y":0.833},"o":{"x":0.167,"y":0.167},"t":43,"s":[{"i":[[-7.712,0],[-0.499,-15.899],[7.712,0],[-0.261,17.676]],"o":[[7.712,0],[0.835,18.005],[-7.712,0],[0.351,-18.496]],"v":[[39.736,-14.724],[97.489,0.778],[41.557,15.791],[-9.928,-0.545]],"c":true}]},{"i":{"x":0.833,"y":0.833},"o":{"x":0.167,"y":0.167},"t":44,"s":[{"i":[[-9.941,0],[-1.849,-22.843],[9.941,0],[-0.523,19.968]],"o":[[9.941,0],[1.67,20.627],[-9.941,0],[0.741,-28.306]],"v":[[72.239,-16.739],[176.978,2.646],[72.239,19.261],[-18,0]],"c":true}]},{"t":45,"s":[{"i":[[-9.941,0],[0,-9.941],[9.941,0],[0,9.941]],"o":[[9.941,0],[0,9.941],[-9.941,0],[0,-9.941]],"v":[[0,-18],[18,0],[0,18],[-18,0]],"c":true}]}],"ix":2},"nm":"Path 1","mn":"ADBE Vector Shape - Group","hd":false},{"ty":"fl","c":{"a":0,"k":[1,1,1,1],"ix":4},"o":{"a":0,"k":100,"ix":5},"r":1,"bm":0,"nm":"Fill 1","mn":"ADBE Vector Graphic - Fill","hd":false},{"ty":"tr","p":{"a":0,"k":[38.25,117.75],"ix":2},"a":{"a":0,"k":[0,0],"ix":1},"s":{"a":0,"k":[100,100],"ix":3},"r":{"a":0,"k":0,"ix":6},"o":{"a":0,"k":100,"ix":7},"sk":{"a":0,"k":0,"ix":4},"sa":{"a":0,"k":0,"ix":5},"nm":"Transform"}],"nm":"Ellipse 3","np":3,"cix":2,"bm":0,"ix":3,"mn":"ADBE Vector Group","hd":false}],"ip":0,"op":180,"st":0,"ct":1,"bm":0},{"ddd":0,"ind":2,"ty":4,"nm":"Shape Layer 11","sr":1,"ks":{"o":{"a":0,"k":100,"ix":11},"r":{"a":0,"k":0,"ix":10},"p":{"a":0,"k":[264.25,484,0],"ix":2,"l":2},"a":{"a":0,"k":[-85.75,210,0],"ix":1,"l":2},"s":{"a":0,"k":[100,100,100],"ix":6,"l":2}},"ao":0,"shapes":[{"ty":"gr","it":[{"ind":0,"ty":"sh","ix":1,"ks":{"a":0,"k":{"i":[[0,0],[0,0]],"o":[[0,0],[0,0]],"v":[[-267.5,210],[96,210]],"c":false},"ix":2},"nm":"Path 1","mn":"ADBE Vector Shape - Group","hd":false},{"ty":"st","c":{"a":0,"k":[0,0,0,1],"ix":3},"o":{"a":0,"k":100,"ix":4},"w":{"a":0,"k":15,"ix":5},"lc":2,"lj":1,"ml":4,"bm":0,"nm":"Stroke 1","mn":"ADBE Vector Graphic - Stroke","hd":false},{"ty":"tr","p":{"a":0,"k":[0,0],"ix":2},"a":{"a":0,"k":[0,0],"ix":1},"s":{"a":0,"k":[100,100],"ix":3},"r":{"a":0,"k":0,"ix":6},"o":{"a":0,"k":100,"ix":7},"sk":{"a":0,"k":0,"ix":4},"sa":{"a":0,"k":0,"ix":5},"nm":"Transform"}],"nm":"Shape 1","np":3,"cix":2,"bm":0,"ix":1,"mn":"ADBE Vector Group","hd":false}],"ip":0,"op":180,"st":0,"ct":1,"bm":0},{"ddd":0,"ind":3,"ty":4,"nm":"Shape Layer 14","sr":1,"ks":{"o":{"a":0,"k":100,"ix":11},"r":{"a":0,"k":0,"ix":10},"p":{"a":1,"k":[{"i":{"x":0.667,"y":1},"o":{"x":0.333,"y":0},"t":-5,"s":[278.625,475.75,0],"to":[0,0.833,0],"ti":[0,0.167,0]},{"i":{"x":0.667,"y":1},"o":{"x":0.333,"y":0},"t":-1,"s":[278.625,480.75,0],"to":[0,-0.167,0],"ti":[0,1,0]},{"t":4,"s":[278.625,474.75,0]}],"ix":2,"l":2},"a":{"a":0,"k":[-71.375,201.75,0],"ix":1,"l":2},"s":{"a":0,"k":[-100,100,100],"ix":6,"l":2}},"ao":0,"shapes":[{"ty":"gr","it":[{"ind":0,"ty":"sh","ix":1,"ks":{"a":1,"k":[{"i":{"x":0.833,"y":0.833},"o":{"x":0.333,"y":0},"t":-27,"s":[{"i":[[0,0],[0,0],[0,0],[0,0],[0,0]],"o":[[0,0],[0,0],[0,0],[0,0],[0,0]],"v":[[48.5,192],[-57.296,192],[-191.5,192],[-191.5,211.5],[48.75,211.5]],"c":true}]},{"i":{"x":0.667,"y":1},"o":{"x":0.167,"y":0.167},"t":-26,"s":[{"i":[[0,0],[36.011,-3.63],[0,0],[0,0],[0,0]],"o":[[0,0],[-28.736,2.897],[0,0],[0,0],[0,0]],"v":[[48.5,181.75],[-63.761,188.13],[-191.75,207.5],[-191.5,211.5],[48.75,211.5]],"c":true}]},{"i":{"x":0.555,"y":1},"o":{"x":0.449,"y":0},"t":-24,"s":[{"i":[[0,0],[0,0],[0,0],[0,0],[0,0]],"o":[[0,0],[0,0],[0,0],[0,0],[0,0]],"v":[[48.5,170],[-57.342,185.093],[-191.5,202],[-191.5,211.5],[48.75,211.5]],"c":true}]},{"i":{"x":0.667,"y":1},"o":{"x":0.333,"y":0},"t":-20,"s":[{"i":[[0,0],[0,0],[0,0],[0,0],[0,0]],"o":[[0,0],[0,0],[0,0],[0,0],[0,0]],"v":[[48.5,197.75],[-57.296,195.215],[-191.5,192],[-191.5,211.5],[48.75,211.5]],"c":true}]},{"t":-18,"s":[{"i":[[0,0],[0,0],[0,0],[0,0],[0,0]],"o":[[0,0],[0,0],[0,0],[0,0],[0,0]],"v":[[48.5,192.25],[-57.296,192.14],[-191.5,192],[-191.5,211.5],[48.75,211.5]],"c":true}]}],"ix":2},"nm":"Path 1","mn":"ADBE Vector Shape - Group","hd":false},{"ty":"st","c":{"a":0,"k":[0,0,0,1],"ix":3},"o":{"a":0,"k":100,"ix":4},"w":{"a":0,"k":1,"ix":5},"lc":1,"lj":1,"ml":4,"bm":0,"nm":"Stroke 1","mn":"ADBE Vector Graphic - Stroke","hd":false},{"ty":"fl","c":{"a":0,"k":[1,1,1,1],"ix":4},"o":{"a":0,"k":100,"ix":5},"r":1,"bm":0,"nm":"Fill 1","mn":"ADBE Vector Graphic - Fill","hd":false},{"ty":"tr","p":{"a":0,"k":[0,0],"ix":2},"a":{"a":0,"k":[0,0],"ix":1},"s":{"a":0,"k":[100,100],"ix":3},"r":{"a":0,"k":0,"ix":6},"o":{"a":0,"k":100,"ix":7},"sk":{"a":0,"k":0,"ix":4},"sa":{"a":0,"k":0,"ix":5},"nm":"Transform"}],"nm":"Shape 1","np":3,"cix":2,"bm":0,"ix":1,"mn":"ADBE Vector Group","hd":false}],"ip":0,"op":4,"st":-34,"ct":1,"bm":0},{"ddd":0,"ind":4,"ty":4,"nm":"Shape Layer 13","sr":1,"ks":{"o":{"a":0,"k":100,"ix":11},"r":{"a":0,"k":0,"ix":10},"p":{"a":1,"k":[{"i":{"x":0.667,"y":1},"o":{"x":0.333,"y":0},"t":63,"s":[278.625,475.75,0],"to":[0,0.833,0],"ti":[0,0.167,0]},{"i":{"x":0.667,"y":1},"o":{"x":0.333,"y":0},"t":67,"s":[278.625,480.75,0],"to":[0,-0.167,0],"ti":[0,1,0]},{"t":72,"s":[278.625,474.75,0]}],"ix":2,"l":2},"a":{"a":0,"k":[-71.375,201.75,0],"ix":1,"l":2},"s":{"a":0,"k":[-100,100,100],"ix":6,"l":2}},"ao":0,"shapes":[{"ty":"gr","it":[{"ind":0,"ty":"sh","ix":1,"ks":{"a":1,"k":[{"i":{"x":0.833,"y":0.833},"o":{"x":0.333,"y":0},"t":41,"s":[{"i":[[0,0],[0,0],[0,0],[0,0],[0,0]],"o":[[0,0],[0,0],[0,0],[0,0],[0,0]],"v":[[48.5,192],[-57.296,192],[-191.5,192],[-191.5,211.5],[48.75,211.5]],"c":true}]},{"i":{"x":0.667,"y":1},"o":{"x":0.167,"y":0.167},"t":42,"s":[{"i":[[0,0],[36.011,-3.63],[0,0],[0,0],[0,0]],"o":[[0,0],[-28.736,2.897],[0,0],[0,0],[0,0]],"v":[[48.5,181.75],[-63.761,188.13],[-191.75,207.5],[-191.5,211.5],[48.75,211.5]],"c":true}]},{"i":{"x":0.555,"y":1},"o":{"x":0.449,"y":0},"t":44,"s":[{"i":[[0,0],[0,0],[0,0],[0,0],[0,0]],"o":[[0,0],[0,0],[0,0],[0,0],[0,0]],"v":[[48.5,170],[-57.342,185.093],[-191.5,202],[-191.5,211.5],[48.75,211.5]],"c":true}]},{"i":{"x":0.667,"y":1},"o":{"x":0.333,"y":0},"t":48,"s":[{"i":[[0,0],[0,0],[0,0],[0,0],[0,0]],"o":[[0,0],[0,0],[0,0],[0,0],[0,0]],"v":[[48.5,197.75],[-57.296,195.215],[-191.5,192],[-191.5,211.5],[48.75,211.5]],"c":true}]},{"t":50,"s":[{"i":[[0,0],[0,0],[0,0],[0,0],[0,0]],"o":[[0,0],[0,0],[0,0],[0,0],[0,0]],"v":[[48.5,192.25],[-57.296,192.14],[-191.5,192],[-191.5,211.5],[48.75,211.5]],"c":true}]}],"ix":2},"nm":"Path 1","mn":"ADBE Vector Shape - Group","hd":false},{"ty":"st","c":{"a":0,"k":[0,0,0,1],"ix":3},"o":{"a":0,"k":100,"ix":4},"w":{"a":0,"k":1,"ix":5},"lc":1,"lj":1,"ml":4,"bm":0,"nm":"Stroke 1","mn":"ADBE Vector Graphic - Stroke","hd":false},{"ty":"fl","c":{"a":0,"k":[1,1,1,1],"ix":4},"o":{"a":0,"k":100,"ix":5},"r":1,"bm":0,"nm":"Fill 1","mn":"ADBE Vector Graphic - Fill","hd":false},{"ty":"tr","p":{"a":0,"k":[0,0],"ix":2},"a":{"a":0,"k":[0,0],"ix":1},"s":{"a":0,"k":[100,100],"ix":3},"r":{"a":0,"k":0,"ix":6},"o":{"a":0,"k":100,"ix":7},"sk":{"a":0,"k":0,"ix":4},"sa":{"a":0,"k":0,"ix":5},"nm":"Transform"}],"nm":"Shape 1","np":3,"cix":2,"bm":0,"ix":1,"mn":"ADBE Vector Group","hd":false}],"ip":38,"op":69,"st":34,"ct":1,"bm":0},{"ddd":0,"ind":5,"ty":4,"nm":"Shape Layer 12","sr":1,"ks":{"o":{"a":0,"k":100,"ix":11},"r":{"a":0,"k":0,"ix":10},"p":{"a":1,"k":[{"i":{"x":0.667,"y":1},"o":{"x":0.333,"y":0},"t":29,"s":[278.625,475.75,0],"to":[0,0.833,0],"ti":[0,0.167,0]},{"i":{"x":0.667,"y":1},"o":{"x":0.333,"y":0},"t":33,"s":[278.625,480.75,0],"to":[0,-0.167,0],"ti":[0,1,0]},{"t":38,"s":[278.625,474.75,0]}],"ix":2,"l":2},"a":{"a":0,"k":[-71.375,201.75,0],"ix":1,"l":2},"s":{"a":0,"k":[100,100,100],"ix":6,"l":2}},"ao":0,"shapes":[{"ty":"gr","it":[{"ind":0,"ty":"sh","ix":1,"ks":{"a":1,"k":[{"i":{"x":0.833,"y":0.833},"o":{"x":0.333,"y":0},"t":7,"s":[{"i":[[0,0],[0,0],[0,0],[0,0],[0,0]],"o":[[0,0],[0,0],[0,0],[0,0],[0,0]],"v":[[48.5,192],[-57.296,192],[-191.5,192],[-191.5,211.5],[48.75,211.5]],"c":true}]},{"i":{"x":0.667,"y":1},"o":{"x":0.167,"y":0.167},"t":8,"s":[{"i":[[0,0],[36.011,-3.63],[0,0],[0,0],[0,0]],"o":[[0,0],[-28.736,2.897],[0,0],[0,0],[0,0]],"v":[[48.5,181.75],[-63.761,188.13],[-191.75,207.5],[-191.5,211.5],[48.75,211.5]],"c":true}]},{"i":{"x":0.555,"y":1},"o":{"x":0.449,"y":0},"t":10,"s":[{"i":[[0,0],[0,0],[0,0],[0,0],[0,0]],"o":[[0,0],[0,0],[0,0],[0,0],[0,0]],"v":[[48.5,170],[-57.342,185.093],[-191.5,202],[-191.5,211.5],[48.75,211.5]],"c":true}]},{"i":{"x":0.667,"y":1},"o":{"x":0.333,"y":0},"t":14,"s":[{"i":[[0,0],[0,0],[0,0],[0,0],[0,0]],"o":[[0,0],[0,0],[0,0],[0,0],[0,0]],"v":[[48.5,197.75],[-57.296,195.215],[-191.5,192],[-191.5,211.5],[48.75,211.5]],"c":true}]},{"t":16,"s":[{"i":[[0,0],[0,0],[0,0],[0,0],[0,0]],"o":[[0,0],[0,0],[0,0],[0,0],[0,0]],"v":[[48.5,192.25],[-57.296,192.14],[-191.5,192],[-191.5,211.5],[48.75,211.5]],"c":true}]}],"ix":2},"nm":"Path 1","mn":"ADBE Vector Shape - Group","hd":false},{"ty":"st","c":{"a":0,"k":[0,0,0,1],"ix":3},"o":{"a":0,"k":100,"ix":4},"w":{"a":0,"k":1,"ix":5},"lc":1,"lj":1,"ml":4,"bm":0,"nm":"Stroke 1","mn":"ADBE Vector Graphic - Stroke","hd":false},{"ty":"fl","c":{"a":0,"k":[1,1,1,1],"ix":4},"o":{"a":0,"k":100,"ix":5},"r":1,"bm":0,"nm":"Fill 1","mn":"ADBE Vector Graphic - Fill","hd":false},{"ty":"tr","p":{"a":0,"k":[0,0],"ix":2},"a":{"a":0,"k":[0,0],"ix":1},"s":{"a":0,"k":[100,100],"ix":3},"r":{"a":0,"k":0,"ix":6},"o":{"a":0,"k":100,"ix":7},"sk":{"a":0,"k":0,"ix":4},"sa":{"a":0,"k":0,"ix":5},"nm":"Transform"}],"nm":"Shape 1","np":3,"cix":2,"bm":0,"ix":1,"mn":"ADBE Vector Group","hd":false}],"ip":4,"op":38,"st":0,"ct":1,"bm":0},{"ddd":0,"ind":6,"ty":4,"nm":"Shape Layer 17","sr":1,"ks":{"o":{"a":0,"k":100,"ix":11},"r":{"a":0,"k":0,"ix":10},"p":{"a":0,"k":[158,453,0],"ix":2,"l":2},"a":{"a":0,"k":[51.5,195,0],"ix":1,"l":2},"s":{"a":0,"k":[-100,100,100],"ix":6,"l":2}},"ao":0,"shapes":[{"ty":"gr","it":[{"ind":0,"ty":"sh","ix":1,"ks":{"a":0,"k":{"i":[[0,0],[0,0]],"o":[[0,0],[0,0]],"v":[[52.75,196.5],[71.25,194.5]],"c":false},"ix":2},"nm":"Path 1","mn":"ADBE Vector Shape - Group","hd":false},{"ty":"st","c":{"a":0,"k":[0,0,0,1],"ix":3},"o":{"a":0,"k":100,"ix":4},"w":{"a":0,"k":1,"ix":5},"lc":1,"lj":1,"ml":4,"bm":0,"nm":"Stroke 1","mn":"ADBE Vector Graphic - Stroke","hd":false},{"ty":"fl","c":{"a":0,"k":[1,1,1,1],"ix":4},"o":{"a":0,"k":100,"ix":5},"r":1,"bm":0,"nm":"Fill 1","mn":"ADBE Vector Graphic - Fill","hd":false},{"ty":"tr","p":{"a":0,"k":[0,0],"ix":2},"a":{"a":0,"k":[0,0],"ix":1},"s":{"a":0,"k":[100,100],"ix":3},"r":{"a":0,"k":0,"ix":6},"o":{"a":0,"k":100,"ix":7},"sk":{"a":0,"k":0,"ix":4},"sa":{"a":0,"k":0,"ix":5},"nm":"Transform"}],"nm":"Shape 2","np":3,"cix":2,"bm":0,"ix":1,"mn":"ADBE Vector Group","hd":false},{"ty":"gr","it":[{"ind":0,"ty":"sh","ix":1,"ks":{"a":0,"k":{"i":[[0,0],[0,0]],"o":[[0,0],[0,0]],"v":[[50.25,193.5],[65,182.25]],"c":false},"ix":2},"nm":"Path 1","mn":"ADBE Vector Shape - Group","hd":false},{"ty":"st","c":{"a":0,"k":[0,0,0,1],"ix":3},"o":{"a":0,"k":100,"ix":4},"w":{"a":0,"k":1,"ix":5},"lc":1,"lj":1,"ml":4,"bm":0,"nm":"Stroke 1","mn":"ADBE Vector Graphic - Stroke","hd":false},{"ty":"fl","c":{"a":0,"k":[1,1,1,1],"ix":4},"o":{"a":0,"k":100,"ix":5},"r":1,"bm":0,"nm":"Fill 1","mn":"ADBE Vector Graphic - Fill","hd":false},{"ty":"tr","p":{"a":0,"k":[0,0],"ix":2},"a":{"a":0,"k":[0,0],"ix":1},"s":{"a":0,"k":[100,100],"ix":3},"r":{"a":0,"k":0,"ix":6},"o":{"a":0,"k":100,"ix":7},"sk":{"a":0,"k":0,"ix":4},"sa":{"a":0,"k":0,"ix":5},"nm":"Transform"}],"nm":"Shape 1","np":3,"cix":2,"bm":0,"ix":2,"mn":"ADBE Vector Group","hd":false},{"ty":"tm","s":{"a":1,"k":[{"i":{"x":[0.12],"y":[1]},"o":{"x":[0.167],"y":[0.167]},"t":45,"s":[0]},{"t":50,"s":[100]}],"ix":1},"e":{"a":1,"k":[{"i":{"x":[0.12],"y":[1]},"o":{"x":[0.167],"y":[0.167]},"t":42,"s":[0]},{"t":47,"s":[100]}],"ix":2},"o":{"a":0,"k":0,"ix":3},"m":1,"ix":3,"nm":"Trim Paths 1","mn":"ADBE Vector Filter - Trim","hd":false}],"ip":42,"op":50,"st":34,"ct":1,"bm":0},{"ddd":0,"ind":7,"ty":4,"nm":"Shape Layer 16","sr":1,"ks":{"o":{"a":0,"k":100,"ix":11},"r":{"a":0,"k":0,"ix":10},"p":{"a":0,"k":[401,458,0],"ix":2,"l":2},"a":{"a":0,"k":[51.5,195,0],"ix":1,"l":2},"s":{"a":0,"k":[100,100,100],"ix":6,"l":2}},"ao":0,"shapes":[{"ty":"gr","it":[{"ind":0,"ty":"sh","ix":1,"ks":{"a":0,"k":{"i":[[0,0],[0,0]],"o":[[0,0],[0,0]],"v":[[52.75,196.5],[71.25,194.5]],"c":false},"ix":2},"nm":"Path 1","mn":"ADBE Vector Shape - Group","hd":false},{"ty":"st","c":{"a":0,"k":[0,0,0,1],"ix":3},"o":{"a":0,"k":100,"ix":4},"w":{"a":0,"k":1,"ix":5},"lc":1,"lj":1,"ml":4,"bm":0,"nm":"Stroke 1","mn":"ADBE Vector Graphic - Stroke","hd":false},{"ty":"fl","c":{"a":0,"k":[1,1,1,1],"ix":4},"o":{"a":0,"k":100,"ix":5},"r":1,"bm":0,"nm":"Fill 1","mn":"ADBE Vector Graphic - Fill","hd":false},{"ty":"tr","p":{"a":0,"k":[0,0],"ix":2},"a":{"a":0,"k":[0,0],"ix":1},"s":{"a":0,"k":[100,100],"ix":3},"r":{"a":0,"k":0,"ix":6},"o":{"a":0,"k":100,"ix":7},"sk":{"a":0,"k":0,"ix":4},"sa":{"a":0,"k":0,"ix":5},"nm":"Transform"}],"nm":"Shape 2","np":3,"cix":2,"bm":0,"ix":1,"mn":"ADBE Vector Group","hd":false},{"ty":"gr","it":[{"ind":0,"ty":"sh","ix":1,"ks":{"a":0,"k":{"i":[[0,0],[0,0]],"o":[[0,0],[0,0]],"v":[[50.25,193.5],[65,182.25]],"c":false},"ix":2},"nm":"Path 1","mn":"ADBE Vector Shape - Group","hd":false},{"ty":"st","c":{"a":0,"k":[0,0,0,1],"ix":3},"o":{"a":0,"k":100,"ix":4},"w":{"a":0,"k":1,"ix":5},"lc":1,"lj":1,"ml":4,"bm":0,"nm":"Stroke 1","mn":"ADBE Vector Graphic - Stroke","hd":false},{"ty":"fl","c":{"a":0,"k":[1,1,1,1],"ix":4},"o":{"a":0,"k":100,"ix":5},"r":1,"bm":0,"nm":"Fill 1","mn":"ADBE Vector Graphic - Fill","hd":false},{"ty":"tr","p":{"a":0,"k":[0,0],"ix":2},"a":{"a":0,"k":[0,0],"ix":1},"s":{"a":0,"k":[100,100],"ix":3},"r":{"a":0,"k":0,"ix":6},"o":{"a":0,"k":100,"ix":7},"sk":{"a":0,"k":0,"ix":4},"sa":{"a":0,"k":0,"ix":5},"nm":"Transform"}],"nm":"Shape 1","np":3,"cix":2,"bm":0,"ix":2,"mn":"ADBE Vector Group","hd":false},{"ty":"tm","s":{"a":1,"k":[{"i":{"x":[0.12],"y":[1]},"o":{"x":[0.167],"y":[0.167]},"t":11,"s":[0]},{"t":16,"s":[100]}],"ix":1},"e":{"a":1,"k":[{"i":{"x":[0.12],"y":[1]},"o":{"x":[0.167],"y":[0.167]},"t":8,"s":[0]},{"t":13,"s":[100]}],"ix":2},"o":{"a":0,"k":0,"ix":3},"m":1,"ix":3,"nm":"Trim Paths 1","mn":"ADBE Vector Filter - Trim","hd":false}],"ip":8,"op":16,"st":0,"ct":1,"bm":0},{"ddd":0,"ind":8,"ty":4,"nm":"Shape Layer 5","sr":1,"ks":{"o":{"a":0,"k":100,"ix":11},"r":{"a":0,"k":0,"ix":10},"p":{"a":0,"k":[350,274,0],"ix":2,"l":2},"a":{"a":0,"k":[0,0,0],"ix":1,"l":2},"s":{"a":0,"k":[100,100,100],"ix":6,"l":2}},"ao":0,"shapes":[{"ty":"gr","it":[{"ind":0,"ty":"sh","ix":1,"ks":{"a":1,"k":[{"i":{"x":0.833,"y":0.833},"o":{"x":0.167,"y":0.167},"t":41,"s":[{"i":[[28,-2],[0,0],[2.71,-4.384],[-5.424,-22.857],[-5.949,-7.766],[-23.949,-0.958],[-16,17.5]],"o":[[-28,2],[0,0],[-9.323,15.083],[1.372,5.783],[10.514,13.725],[37.5,1.5],[16,-17.5]],"v":[[169,81.5],[16,81],[11.49,87.995],[-12.5,162],[-1.468,183.42],[50.5,211.5],[195.5,181]],"c":true}]},{"i":{"x":0.833,"y":0.833},"o":{"x":0.167,"y":0.167},"t":42,"s":[{"i":[[28,-2],[0,0],[-0.282,-3.58],[4.155,-34.627],[2.982,-7.213],[-23.949,-0.958],[-16,17.5]],"o":[[-28,2],[0,0],[0.969,12.316],[-0.813,6.776],[-5.27,12.747],[37.5,1.5],[16,-17.5]],"v":[[169,81.5],[45,81],[45.503,86.56],[44,164.75],[36.225,186.493],[52.75,211.25],[195.5,181]],"c":true}]},{"i":{"x":0.833,"y":0.833},"o":{"x":0.167,"y":0.167},"t":43,"s":[{"i":[[28,-2],[0,0],[-0.314,-4.061],[6.683,-30.266],[1.712,-6.704],[-23.949,-0.958],[-16,17.5]],"o":[[-28,2],[0,0],[1.081,13.972],[-7.182,10.818],[-3.026,11.847],[37.5,1.5],[16,-17.5]],"v":[[169,81.5],[41.25,81.5],[41.83,87.893],[37.875,166.563],[23.961,192.732],[52.188,211.313],[195.5,181]],"c":true}]},{"i":{"x":0.833,"y":0.833},"o":{"x":0.167,"y":0.167},"t":44,"s":[{"i":[[28,-2],[0,0],[-0.288,-4.987],[2.647,-27.797],[14.828,12.38],[-27.4,-1.096],[-16,17.5]],"o":[[-28,2],[0,0],[0.992,17.159],[-18.067,2.547],[8.078,20.38],[37.5,1.5],[16,-17.5]],"v":[[169,81.5],[37.083,80.917],[37.583,88.857],[37.833,175.042],[-8.828,169.62],[51.625,211.375],[195.5,181]],"c":true}]},{"i":{"x":0.833,"y":0.833},"o":{"x":0.167,"y":0.167},"t":45,"s":[{"i":[[28,-2],[0,0],[-1.169,-4.215],[11.106,-29.847],[4.439,2.307],[-25.675,-1.027],[-16,17.5]],"o":[[-28,2],[0,0],[4.022,14.503],[-8.348,4.165],[9.296,17.053],[37.5,1.5],[16,-17.5]],"v":[[169,81.5],[32.542,82.458],[34.57,89.109],[35.167,169.021],[-5.148,176.52],[51.063,211.438],[195.5,181]],"c":true}]},{"i":{"x":0.833,"y":0.833},"o":{"x":0.167,"y":0.167},"t":46,"s":[{"i":[[28,-2],[0,0],[2.71,-4.384],[-5.424,-22.857],[-5.949,-7.766],[-23.949,-0.958],[-16,17.5]],"o":[[-28,2],[0,0],[-9.323,15.083],[1.372,5.783],[10.514,13.725],[37.5,1.5],[16,-17.5]],"v":[[169,81.5],[16,81],[11.49,87.995],[-12.5,162],[-1.468,183.42],[50.5,211.5],[195.5,181]],"c":true}]},{"i":{"x":0.833,"y":0.833},"o":{"x":0.167,"y":0.167},"t":47,"s":[{"i":[[28,-2],[0,0],[0.549,-4.568],[42.615,-7.361],[-5.949,-7.766],[-23.949,-0.958],[-16,17.5]],"o":[[-28,2],[0,0],[-1.891,15.717],[-0.5,21.5],[10.514,13.725],[37.5,1.5],[16,-17.5]],"v":[[169,81.5],[41,80.75],[40.501,88.195],[-13,147],[-1.468,183.42],[50.5,211.5],[195.5,181]],"c":true}]},{"i":{"x":0.833,"y":0.833},"o":{"x":0.167,"y":0.167},"t":48,"s":[{"i":[[28,-2],[0,0],[7.246,-8.739],[-3.964,-20.613],[-5.949,-7.766],[-23.949,-0.958],[-16,17.5]],"o":[[-28,2],[0,0],[-12.564,15.153],[0.436,13.641],[10.514,13.725],[37.5,1.5],[16,-17.5]],"v":[[169,81.5],[25.5,79.875],[16.301,98.749],[-12.75,154.5],[-1.468,183.42],[50.5,211.5],[195.5,181]],"c":true}]},{"t":49,"s":[{"i":[[28,-2],[0,0],[2.71,-4.384],[-5.424,-22.857],[-5.949,-7.766],[-23.949,-0.958],[-16,17.5]],"o":[[-28,2],[0,0],[-9.323,15.083],[1.372,5.783],[10.514,13.725],[37.5,1.5],[16,-17.5]],"v":[[169,81.5],[16,81],[11.49,87.995],[-12.5,162],[-1.468,183.42],[50.5,211.5],[195.5,181]],"c":true}]}],"ix":2},"nm":"Path 1","mn":"ADBE Vector Shape - Group","hd":false},{"ty":"fl","c":{"a":0,"k":[1,1,1,1],"ix":4},"o":{"a":0,"k":100,"ix":5},"r":1,"bm":0,"nm":"Fill 1","mn":"ADBE Vector Graphic - Fill","hd":false},{"ty":"tr","p":{"a":0,"k":[0,0],"ix":2},"a":{"a":0,"k":[0,0],"ix":1},"s":{"a":0,"k":[100,100],"ix":3},"r":{"a":0,"k":0,"ix":6},"o":{"a":0,"k":100,"ix":7},"sk":{"a":0,"k":0,"ix":4},"sa":{"a":0,"k":0,"ix":5},"nm":"Transform"}],"nm":"Shape 1","np":3,"cix":2,"bm":0,"ix":1,"mn":"ADBE Vector Group","hd":false}],"ip":0,"op":180,"st":0,"ct":1,"bm":0},{"ddd":0,"ind":10,"ty":4,"nm":"Shape Layer 8","sr":1,"ks":{"o":{"a":0,"k":100,"ix":11},"r":{"a":0,"k":0,"ix":10},"p":{"a":0,"k":[350,274,0],"ix":2,"l":2},"a":{"a":0,"k":[0,0,0],"ix":1,"l":2},"s":{"a":0,"k":[100,100,100],"ix":6,"l":2}},"ao":0,"shapes":[{"ty":"gr","it":[{"ind":0,"ty":"sh","ix":1,"ks":{"a":1,"k":[{"i":{"x":0.833,"y":0.833},"o":{"x":0.167,"y":0.167},"t":6,"s":[{"i":[[0,0],[-7,-28.5],[-28,15.5],[0,0]],"o":[[0,0],[3.649,14.856],[34.447,-19.069],[0,0]],"v":[[-177.5,76.5],[-184.5,158.5],[-124,178.5],[-117.371,76.865]],"c":true}]},{"i":{"x":0.833,"y":0.833},"o":{"x":0.167,"y":0.167},"t":7,"s":[{"i":[[0,0],[4.5,-47.5],[-28,15.5],[0,0]],"o":[[0,0],[-1.443,15.229],[34.447,-19.069],[0,0]],"v":[[-155.5,78],[-146.5,158.5],[-119,182],[-117.371,76.865]],"c":true}]},{"i":{"x":0.833,"y":0.833},"o":{"x":0.167,"y":0.167},"t":9,"s":[{"i":[[0,0],[4.5,-47.5],[-28,15.5],[0,0]],"o":[[0,0],[-1.443,15.229],[34.447,-19.069],[0,0]],"v":[[-163.5,75],[-153,159],[-119,182],[-117.371,76.865]],"c":true}]},{"i":{"x":0.833,"y":0.833},"o":{"x":0.167,"y":0.167},"t":12,"s":[{"i":[[0,0],[4.5,-47.5],[-28,15.5],[0,0]],"o":[[0,0],[-1.443,15.229],[34.447,-19.069],[0,0]],"v":[[-156.5,75],[-160.5,158],[-119,182],[-117.371,76.865]],"c":true}]},{"i":{"x":0.833,"y":0.833},"o":{"x":0.167,"y":0.167},"t":13,"s":[{"i":[[0,0],[-1.25,-38],[-28,15.5],[0,0]],"o":[[0,0],[1.103,15.042],[34.447,-19.069],[0,0]],"v":[[-171,74.75],[-172.5,158.25],[-121.5,180.25],[-117.371,76.865]],"c":true}]},{"t":14,"s":[{"i":[[0,0],[-7,-28.5],[-28,15.5],[0,0]],"o":[[0,0],[3.649,14.856],[34.447,-19.069],[0,0]],"v":[[-177.5,76.5],[-184.5,158.5],[-124,178.5],[-117.371,76.865]],"c":true}]}],"ix":2},"nm":"Path 1","mn":"ADBE Vector Shape - Group","hd":false},{"ty":"fl","c":{"a":0,"k":[1,1,1,1],"ix":4},"o":{"a":0,"k":100,"ix":5},"r":1,"bm":0,"nm":"Fill 1","mn":"ADBE Vector Graphic - Fill","hd":false},{"ty":"tr","p":{"a":0,"k":[0,0],"ix":2},"a":{"a":0,"k":[0,0],"ix":1},"s":{"a":0,"k":[100,100],"ix":3},"r":{"a":0,"k":0,"ix":6},"o":{"a":0,"k":100,"ix":7},"sk":{"a":0,"k":0,"ix":4},"sa":{"a":0,"k":0,"ix":5},"nm":"Transform"}],"nm":"Shape 1","np":3,"cix":2,"bm":0,"ix":1,"mn":"ADBE Vector Group","hd":false}],"ip":0,"op":180,"st":0,"ct":1,"bm":0},{"ddd":0,"ind":11,"ty":4,"nm":"finger 6","sr":1,"ks":{"o":{"a":0,"k":100,"ix":11},"r":{"a":0,"k":0,"ix":10},"p":{"a":0,"k":[170.938,294.999,0],"ix":2,"l":2},"a":{"a":0,"k":[112.438,19.499,0],"ix":1,"l":2},"s":{"a":0,"k":[100,100,100],"ix":6,"l":2}},"ao":0,"shapes":[{"ty":"gr","it":[{"ind":0,"ty":"sh","ix":1,"ks":{"a":1,"k":[{"i":{"x":0.667,"y":0.519},"o":{"x":0.333,"y":0},"t":2,"s":[{"i":[[0,0],[-16.625,-10.625]],"o":[[0,0],[16.625,10.625]],"v":[[88.125,-5.625],[114.25,-5.625]],"c":false}]},{"i":{"x":0.667,"y":0.974},"o":{"x":0.333,"y":0.481},"t":6,"s":[{"i":[[0,0],[-16.625,-10.625]],"o":[[0,0],[16.625,10.625]],"v":[[88.125,21.875],[114.25,21.875]],"c":false}]},{"i":{"x":0.667,"y":0.53},"o":{"x":0.333,"y":0.026},"t":7,"s":[{"i":[[0,0],[-4.875,-6.5]],"o":[[0,0],[11.838,15.784]],"v":[[86.5,162.125],[100.5,166.75]],"c":false}]},{"i":{"x":0.667,"y":1},"o":{"x":0.333,"y":0.47},"t":9,"s":[{"i":[[0,0],[-12.806,-10.569]],"o":[[0,0],[12.902,14.638]],"v":[[88.736,128.972],[113.931,128.944]],"c":false}]},{"t":16,"s":[{"i":[[0,0],[-16.625,-10.625]],"o":[[0,0],[16.625,10.625]],"v":[[88.125,-5.625],[114.25,-5.625]],"c":false}]}],"ix":2},"nm":"Path 1","mn":"ADBE Vector Shape - Group","hd":false},{"ty":"st","c":{"a":0,"k":[0,0,0,1],"ix":3},"o":{"a":0,"k":100,"ix":4},"w":{"a":0,"k":2,"ix":5},"lc":1,"lj":1,"ml":4,"bm":0,"nm":"Stroke 1","mn":"ADBE Vector Graphic - Stroke","hd":false},{"ty":"tr","p":{"a":0,"k":[0,0],"ix":2},"a":{"a":0,"k":[0,0],"ix":1},"s":{"a":0,"k":[100,100],"ix":3},"r":{"a":0,"k":0,"ix":6},"o":{"a":0,"k":100,"ix":7},"sk":{"a":0,"k":0,"ix":4},"sa":{"a":0,"k":0,"ix":5},"nm":"Transform"}],"nm":"Shape 2","np":3,"cix":2,"bm":0,"ix":1,"mn":"ADBE Vector Group","hd":false},{"ty":"gr","it":[{"ind":0,"ty":"sh","ix":1,"ks":{"a":1,"k":[{"i":{"x":0.667,"y":1},"o":{"x":0.333,"y":0},"t":2,"s":[{"i":[[-7.18,0],[0,-7.18],[7.18,0],[0,7.18]],"o":[[7.18,0],[0,7.18],[-7.18,0],[0,-7.18]],"v":[[0,-13],[13,0],[0,13],[-13,0]],"c":true}]},{"i":{"x":0.667,"y":1},"o":{"x":0.333,"y":0},"t":6,"s":[{"i":[[-7.18,0],[0,-7.18],[7.18,0],[0,7.18]],"o":[[7.18,0],[0,7.18],[-7.18,0],[0,-7.18]],"v":[[0,14.5],[13,27.5],[0,40.5],[-13,27.5]],"c":true}]},{"i":{"x":0.667,"y":1},"o":{"x":0.333,"y":0},"t":7,"s":[{"i":[[-7,-2.125],[2.039,-1.96],[6.375,1.25],[-4.207,3.937]],"o":[[3.534,1.073],[-6.5,6.25],[-5.175,-1.015],[5.255,-4.918]],"v":[[-5.875,154.375],[-2.5,160.875],[-22.75,163.75],[-26.125,155.625]],"c":true}]},{"i":{"x":0.667,"y":1},"o":{"x":0.333,"y":0},"t":9,"s":[{"i":[[-10.431,-1.181],[-1.569,-4.625],[6.554,0.972],[-4.042,12.833]],"o":[[4.344,0.834],[-0.069,10.5],[-5.621,-0.789],[2.458,-5.792]],"v":[[4.556,121.556],[13.694,132.125],[-0.569,147.75],[-12.083,128.667]],"c":true}]},{"t":16,"s":[{"i":[[-7.18,0],[0,-7.18],[7.18,0],[0,7.18]],"o":[[7.18,0],[0,7.18],[-7.18,0],[0,-7.18]],"v":[[0,-13],[13,0],[0,13],[-13,0]],"c":true}]}],"ix":2},"nm":"Path 1","mn":"ADBE Vector Shape - Group","hd":false},{"ty":"st","c":{"a":0,"k":[0,0,0,1],"ix":3},"o":{"a":0,"k":100,"ix":4},"w":{"a":0,"k":2,"ix":5},"lc":1,"lj":1,"ml":4,"bm":0,"nm":"Stroke 1","mn":"ADBE Vector Graphic - Stroke","hd":false},{"ty":"tr","p":{"a":0,"k":[101.25,10.75],"ix":2},"a":{"a":0,"k":[0,0],"ix":1},"s":{"a":0,"k":[100,100],"ix":3},"r":{"a":0,"k":0,"ix":6},"o":{"a":0,"k":100,"ix":7},"sk":{"a":0,"k":0,"ix":4},"sa":{"a":0,"k":0,"ix":5},"nm":"Transform"}],"nm":"Ellipse 1","np":3,"cix":2,"bm":0,"ix":2,"mn":"ADBE Vector Group","hd":false},{"ty":"gr","it":[{"ind":0,"ty":"sh","ix":1,"ks":{"a":1,"k":[{"i":{"x":0.667,"y":1},"o":{"x":0.333,"y":0},"t":2,"s":[{"i":[[0,16.25],[-0.795,27.004],[22.25,0.2],[0,-18]],"o":[[0,-8.259],[0.787,-26.753],[-27.75,-0.25],[0,18]],"v":[[142.25,78],[143.795,9.996],[129.75,-64.25],[109.25,7.75]],"c":false}]},{"i":{"x":0.667,"y":1},"o":{"x":0.333,"y":0},"t":6,"s":[{"i":[[0,16.25],[-0.135,9.504],[18.746,0.371],[0,-18]],"o":[[0,-8.259],[0.205,-14.496],[-25.25,-0.5],[0,18]],"v":[[142.25,78],[142.545,52.246],[127.5,1],[109.25,35.25]],"c":false}]},{"i":{"x":0.667,"y":1},"o":{"x":0.333,"y":0},"t":7,"s":[{"i":[[0,16.25],[0.511,9.491],[12.5,-1.75],[53.5,6.25]],"o":[[0,-8.259],[-0.795,-14.745],[-22.811,3.194],[-17.878,-2.089]],"v":[[142.25,78],[142.545,52.245],[121.25,26.5],[88.75,187.5]],"c":false}]},{"i":{"x":0.667,"y":1},"o":{"x":0.333,"y":0},"t":9,"s":[{"i":[[0,16.25],[0.221,13.383],[14.667,-1.317],[-0.306,-24.055]],"o":[[0,-8.259],[-0.443,-17.414],[-17.139,3.167],[2.194,11.445]],"v":[[142.25,78],[142.822,42.857],[121.639,-12.167],[109.056,148.555]],"c":false}]},{"t":16,"s":[{"i":[[0,16.25],[-0.795,27.004],[22.25,0.2],[0,-18]],"o":[[0,-8.259],[0.787,-26.753],[-27.75,-0.25],[0,18]],"v":[[142.25,78],[143.795,9.996],[129.75,-64.25],[109.25,7.75]],"c":false}]}],"ix":2},"nm":"Path 1","mn":"ADBE Vector Shape - Group","hd":false},{"ty":"st","c":{"a":0,"k":[1,1,1,1],"ix":3},"o":{"a":0,"k":100,"ix":4},"w":{"a":0,"k":50,"ix":5},"lc":2,"lj":1,"ml":4,"bm":0,"nm":"Stroke 1","mn":"ADBE Vector Graphic - Stroke","hd":false},{"ty":"tr","p":{"a":0,"k":[0,0],"ix":2},"a":{"a":0,"k":[0,0],"ix":1},"s":{"a":0,"k":[100,100],"ix":3},"r":{"a":0,"k":0,"ix":6},"o":{"a":0,"k":100,"ix":7},"sk":{"a":0,"k":0,"ix":4},"sa":{"a":0,"k":0,"ix":5},"nm":"Transform"}],"nm":"Shape 3","np":3,"cix":2,"bm":0,"ix":3,"mn":"ADBE Vector Group","hd":false},{"ty":"gr","it":[{"ind":0,"ty":"sh","ix":1,"ks":{"a":1,"k":[{"i":{"x":0.667,"y":1},"o":{"x":0.333,"y":0},"t":2,"s":[{"i":[[0,16.25],[-0.795,27.004],[22.25,0.2],[0,-18]],"o":[[0,-8.259],[0.787,-26.753],[-27.75,-0.25],[0,18]],"v":[[142.25,78],[143.795,9.996],[129.75,-64.25],[109.25,7.75]],"c":false}]},{"i":{"x":0.667,"y":1},"o":{"x":0.333,"y":0},"t":6,"s":[{"i":[[0,16.25],[-0.135,9.504],[18.746,0.371],[0,-18]],"o":[[0,-8.259],[0.205,-14.496],[-25.25,-0.5],[0,18]],"v":[[142.25,78],[142.545,52.246],[127.5,1],[109.25,35.25]],"c":false}]},{"i":{"x":0.667,"y":1},"o":{"x":0.333,"y":0},"t":7,"s":[{"i":[[0,16.25],[0.511,9.491],[12.5,-1.75],[53.5,6.25]],"o":[[0,-8.259],[-0.795,-14.745],[-22.811,3.194],[-17.878,-2.089]],"v":[[142.25,78],[142.545,52.245],[121.25,26.5],[88.75,187.5]],"c":false}]},{"i":{"x":0.667,"y":1},"o":{"x":0.333,"y":0},"t":9,"s":[{"i":[[0,16.25],[0.221,13.383],[14.667,-1.317],[-0.306,-24.055]],"o":[[0,-8.259],[-0.443,-17.414],[-17.139,3.167],[2.194,11.445]],"v":[[142.25,78],[142.822,42.857],[121.639,-12.167],[109.056,148.555]],"c":false}]},{"t":16,"s":[{"i":[[0,16.25],[-0.795,27.004],[22.25,0.2],[0,-18]],"o":[[0,-8.259],[0.787,-26.753],[-27.75,-0.25],[0,18]],"v":[[142.25,78],[143.795,9.996],[129.75,-64.25],[109.25,7.75]],"c":false}]}],"ix":2},"nm":"Path 1","mn":"ADBE Vector Shape - Group","hd":false},{"ty":"st","c":{"a":0,"k":[0,0,0,1],"ix":3},"o":{"a":0,"k":100,"ix":4},"w":{"a":0,"k":52,"ix":5},"lc":2,"lj":1,"ml":4,"bm":0,"nm":"Stroke 1","mn":"ADBE Vector Graphic - Stroke","hd":false},{"ty":"tr","p":{"a":0,"k":[0,0],"ix":2},"a":{"a":0,"k":[0,0],"ix":1},"s":{"a":0,"k":[100,100],"ix":3},"r":{"a":0,"k":0,"ix":6},"o":{"a":0,"k":100,"ix":7},"sk":{"a":0,"k":0,"ix":4},"sa":{"a":0,"k":0,"ix":5},"nm":"Transform"}],"nm":"Shape 1","np":3,"cix":2,"bm":0,"ix":4,"mn":"ADBE Vector Group","hd":false}],"ip":0,"op":180,"st":0,"ct":1,"bm":0},{"ddd":0,"ind":12,"ty":4,"nm":"Shape Layer 7","sr":1,"ks":{"o":{"a":0,"k":100,"ix":11},"r":{"a":0,"k":0,"ix":10},"p":{"a":0,"k":[350,274,0],"ix":2,"l":2},"a":{"a":0,"k":[0,0,0],"ix":1,"l":2},"s":{"a":0,"k":[100,100,100],"ix":6,"l":2}},"ao":0,"shapes":[{"ty":"gr","it":[{"ind":0,"ty":"sh","ix":1,"ks":{"a":0,"k":{"i":[[0,0],[-0.5,-32],[-37.5,-12],[0,0]],"o":[[0,0],[0.239,15.295],[37.5,12],[0,0]],"v":[[-249.5,76.5],[-271,147.5],[-221.5,190.5],[-160.871,76.932]],"c":true},"ix":2},"nm":"Path 1","mn":"ADBE Vector Shape - Group","hd":false},{"ty":"fl","c":{"a":0,"k":[1,1,1,1],"ix":4},"o":{"a":0,"k":100,"ix":5},"r":1,"bm":0,"nm":"Fill 1","mn":"ADBE Vector Graphic - Fill","hd":false},{"ty":"tr","p":{"a":0,"k":[0,0],"ix":2},"a":{"a":0,"k":[0,0],"ix":1},"s":{"a":0,"k":[100,100],"ix":3},"r":{"a":0,"k":0,"ix":6},"o":{"a":0,"k":100,"ix":7},"sk":{"a":0,"k":0,"ix":4},"sa":{"a":0,"k":0,"ix":5},"nm":"Transform"}],"nm":"Shape 1","np":3,"cix":2,"bm":0,"ix":1,"mn":"ADBE Vector Group","hd":false}],"ip":0,"op":180,"st":0,"ct":1,"bm":0},{"ddd":0,"ind":13,"ty":4,"nm":"finger 5","sr":1,"ks":{"o":{"a":0,"k":100,"ix":11},"r":{"a":0,"k":0,"ix":10},"p":{"a":0,"k":[132.438,314.499,0],"ix":2,"l":2},"a":{"a":0,"k":[112.438,19.499,0],"ix":1,"l":2},"s":{"a":0,"k":[100,100,100],"ix":6,"l":2}},"ao":0,"shapes":[{"ty":"gr","it":[{"ind":0,"ty":"sh","ix":1,"ks":{"a":1,"k":[{"i":{"x":0.667,"y":0.524},"o":{"x":0.333,"y":0},"t":8,"s":[{"i":[[0,0],[-16.625,-10.625]],"o":[[0,0],[16.625,10.625]],"v":[[88.125,-5.625],[114.25,-5.625]],"c":false}]},{"i":{"x":0.667,"y":0.986},"o":{"x":0.333,"y":0.476},"t":9,"s":[{"i":[[0,0],[-16.625,-10.625]],"o":[[0,0],[16.625,10.625]],"v":[[88.125,-5.625],[114.25,-5.625]],"c":false}]},{"i":{"x":0.667,"y":0.532},"o":{"x":0.333,"y":0.014},"t":13,"s":[{"i":[[0,0],[-16.625,-10.625]],"o":[[0,0],[16.625,10.625]],"v":[[89.375,-43.375],[115.5,-43.375]],"c":false}]},{"i":{"x":0.667,"y":1},"o":{"x":0.333,"y":0.468},"t":17,"s":[{"i":[[0,0],[-16.625,-10.625]],"o":[[0,0],[16.625,10.625]],"v":[[88.875,-14.125],[115,-14.125]],"c":false}]},{"t":20,"s":[{"i":[[0,0],[-16.625,-10.625]],"o":[[0,0],[16.625,10.625]],"v":[[88.125,-5.625],[114.25,-5.625]],"c":false}]}],"ix":2},"nm":"Path 1","mn":"ADBE Vector Shape - Group","hd":false},{"ty":"st","c":{"a":0,"k":[0,0,0,1],"ix":3},"o":{"a":0,"k":100,"ix":4},"w":{"a":0,"k":2,"ix":5},"lc":1,"lj":1,"ml":4,"bm":0,"nm":"Stroke 1","mn":"ADBE Vector Graphic - Stroke","hd":false},{"ty":"tr","p":{"a":0,"k":[0,0],"ix":2},"a":{"a":0,"k":[0,0],"ix":1},"s":{"a":0,"k":[100,100],"ix":3},"r":{"a":0,"k":0,"ix":6},"o":{"a":0,"k":100,"ix":7},"sk":{"a":0,"k":0,"ix":4},"sa":{"a":0,"k":0,"ix":5},"nm":"Transform"}],"nm":"Shape 2","np":3,"cix":2,"bm":0,"ix":1,"mn":"ADBE Vector Group","hd":false},{"ty":"gr","it":[{"ind":0,"ty":"sh","ix":1,"ks":{"a":1,"k":[{"i":{"x":0.667,"y":0.524},"o":{"x":0.333,"y":0},"t":8,"s":[{"i":[[-7.18,0],[0,-7.18],[7.18,0],[0,7.18]],"o":[[7.18,0],[0,7.18],[-7.18,0],[0,-7.18]],"v":[[0,-13],[13,0],[0,13],[-13,0]],"c":true}]},{"i":{"x":0.667,"y":0.986},"o":{"x":0.333,"y":0.476},"t":9,"s":[{"i":[[-7.18,0],[0,-7.18],[7.18,0],[0,7.18]],"o":[[7.18,0],[0,7.18],[-7.18,0],[0,-7.18]],"v":[[0,-13],[13,0],[0,13],[-13,0]],"c":true}]},{"i":{"x":0.667,"y":0.532},"o":{"x":0.333,"y":0.014},"t":13,"s":[{"i":[[-7.18,0],[0,-7.18],[7.18,0],[0,7.18]],"o":[[7.18,0],[0,7.18],[-7.18,0],[0,-7.18]],"v":[[1.25,-50.75],[14.25,-37.75],[1.25,-24.75],[-11.75,-37.75]],"c":true}]},{"i":{"x":0.667,"y":1},"o":{"x":0.333,"y":0.468},"t":17,"s":[{"i":[[-7.18,0],[0,-7.18],[7.18,0],[0,7.18]],"o":[[7.18,0],[0,7.18],[-7.18,0],[0,-7.18]],"v":[[0.75,-21.5],[13.75,-8.5],[0.75,4.5],[-12.25,-8.5]],"c":true}]},{"t":20,"s":[{"i":[[-7.18,0],[0,-7.18],[7.18,0],[0,7.18]],"o":[[7.18,0],[0,7.18],[-7.18,0],[0,-7.18]],"v":[[0,-13],[13,0],[0,13],[-13,0]],"c":true}]}],"ix":2},"nm":"Path 1","mn":"ADBE Vector Shape - Group","hd":false},{"ty":"st","c":{"a":0,"k":[0,0,0,1],"ix":3},"o":{"a":0,"k":100,"ix":4},"w":{"a":0,"k":2,"ix":5},"lc":1,"lj":1,"ml":4,"bm":0,"nm":"Stroke 1","mn":"ADBE Vector Graphic - Stroke","hd":false},{"ty":"tr","p":{"a":0,"k":[101.25,10.75],"ix":2},"a":{"a":0,"k":[0,0],"ix":1},"s":{"a":0,"k":[100,100],"ix":3},"r":{"a":0,"k":0,"ix":6},"o":{"a":0,"k":100,"ix":7},"sk":{"a":0,"k":0,"ix":4},"sa":{"a":0,"k":0,"ix":5},"nm":"Transform"}],"nm":"Ellipse 1","np":3,"cix":2,"bm":0,"ix":2,"mn":"ADBE Vector Group","hd":false},{"ty":"gr","it":[{"ind":0,"ty":"sh","ix":1,"ks":{"a":1,"k":[{"i":{"x":0.667,"y":0.524},"o":{"x":0.333,"y":0},"t":8,"s":[{"i":[[0,16.25],[0.418,27.659],[16.266,0.196],[0,-18]],"o":[[0,-8.259],[-0.404,-26.761],[-20.75,-0.25],[0,18]],"v":[[135,47.75],[136.045,13.246],[124,-44.75],[109.25,7.75]],"c":false}]},{"i":{"x":0.667,"y":0.986},"o":{"x":0.333,"y":0.476},"t":9,"s":[{"i":[[0,16.25],[0.418,27.659],[16.266,0.173],[0,-18]],"o":[[0,-8.259],[-0.404,-26.761],[-23.5,-0.25],[0,18]],"v":[[135,47.75],[136.045,13.246],[124,-62],[109.25,7.75]],"c":false}]},{"i":{"x":0.667,"y":0.532},"o":{"x":0.333,"y":0.014},"t":13,"s":[{"i":[[0,16.25],[0.418,27.659],[16.266,0.173],[0,-18]],"o":[[0,-8.259],[-0.404,-26.761],[-23.5,-0.25],[0,18]],"v":[[135,47.75],[136.045,13.246],[124,-63.5],[107.75,-28.75]],"c":false}]},{"i":{"x":0.667,"y":1},"o":{"x":0.333,"y":0.468},"t":17,"s":[{"i":[[0,16.25],[0.418,27.659],[16.266,0.196],[0,-18]],"o":[[0,-8.259],[-0.404,-26.761],[-20.75,-0.25],[0,18]],"v":[[135,47.75],[136.045,13.246],[123.5,-43.25],[109,1]],"c":false}]},{"t":20,"s":[{"i":[[0,16.25],[0.418,27.659],[16.266,0.196],[0,-18]],"o":[[0,-8.259],[-0.404,-26.761],[-20.75,-0.25],[0,18]],"v":[[135,47.75],[136.045,13.246],[124,-44.75],[109.25,7.75]],"c":false}]}],"ix":2},"nm":"Path 1","mn":"ADBE Vector Shape - Group","hd":false},{"ty":"st","c":{"a":0,"k":[1,1,1,1],"ix":3},"o":{"a":0,"k":100,"ix":4},"w":{"a":0,"k":50,"ix":5},"lc":2,"lj":1,"ml":4,"bm":0,"nm":"Stroke 1","mn":"ADBE Vector Graphic - Stroke","hd":false},{"ty":"tr","p":{"a":0,"k":[0,0],"ix":2},"a":{"a":0,"k":[0,0],"ix":1},"s":{"a":0,"k":[100,100],"ix":3},"r":{"a":0,"k":0,"ix":6},"o":{"a":0,"k":100,"ix":7},"sk":{"a":0,"k":0,"ix":4},"sa":{"a":0,"k":0,"ix":5},"nm":"Transform"}],"nm":"Shape 3","np":3,"cix":2,"bm":0,"ix":3,"mn":"ADBE Vector Group","hd":false},{"ty":"gr","it":[{"ind":0,"ty":"sh","ix":1,"ks":{"a":1,"k":[{"i":{"x":0.667,"y":0.524},"o":{"x":0.333,"y":0},"t":8,"s":[{"i":[[0,16.25],[0.418,27.659],[16.266,0.196],[0,-18]],"o":[[0,-8.259],[-0.404,-26.761],[-20.75,-0.25],[0,18]],"v":[[135,47.75],[136.045,13.246],[124,-44.75],[109.25,7.75]],"c":false}]},{"i":{"x":0.667,"y":0.986},"o":{"x":0.333,"y":0.476},"t":9,"s":[{"i":[[0,16.25],[0.418,27.659],[16.266,0.173],[0,-18]],"o":[[0,-8.259],[-0.404,-26.761],[-23.5,-0.25],[0,18]],"v":[[135,47.75],[136.045,13.246],[124,-62],[109.25,7.75]],"c":false}]},{"i":{"x":0.667,"y":0.532},"o":{"x":0.333,"y":0.014},"t":13,"s":[{"i":[[0,16.25],[0.418,27.659],[16.266,0.173],[0,-18]],"o":[[0,-8.259],[-0.404,-26.761],[-23.5,-0.25],[0,18]],"v":[[135,47.75],[136.045,13.246],[124,-63.5],[107.75,-28.75]],"c":false}]},{"i":{"x":0.667,"y":1},"o":{"x":0.333,"y":0.468},"t":17,"s":[{"i":[[0,16.25],[0.418,27.659],[16.266,0.196],[0,-18]],"o":[[0,-8.259],[-0.404,-26.761],[-20.75,-0.25],[0,18]],"v":[[135,47.75],[136.045,13.246],[123.5,-43.25],[109,1]],"c":false}]},{"t":20,"s":[{"i":[[0,16.25],[0.418,27.659],[16.266,0.196],[0,-18]],"o":[[0,-8.259],[-0.404,-26.761],[-20.75,-0.25],[0,18]],"v":[[135,47.75],[136.045,13.246],[124,-44.75],[109.25,7.75]],"c":false}]}],"ix":2},"nm":"Path 1","mn":"ADBE Vector Shape - Group","hd":false},{"ty":"st","c":{"a":0,"k":[0,0,0,1],"ix":3},"o":{"a":0,"k":100,"ix":4},"w":{"a":0,"k":52,"ix":5},"lc":2,"lj":1,"ml":4,"bm":0,"nm":"Stroke 1","mn":"ADBE Vector Graphic - Stroke","hd":false},{"ty":"tr","p":{"a":0,"k":[0,0],"ix":2},"a":{"a":0,"k":[0,0],"ix":1},"s":{"a":0,"k":[100,100],"ix":3},"r":{"a":0,"k":0,"ix":6},"o":{"a":0,"k":100,"ix":7},"sk":{"a":0,"k":0,"ix":4},"sa":{"a":0,"k":0,"ix":5},"nm":"Transform"}],"nm":"Shape 1","np":3,"cix":2,"bm":0,"ix":4,"mn":"ADBE Vector Group","hd":false}],"ip":0,"op":180,"st":0,"ct":1,"bm":0},{"ddd":0,"ind":14,"ty":4,"nm":"finger 4","sr":1,"ks":{"o":{"a":0,"k":100,"ix":11},"r":{"a":0,"k":0,"ix":10},"p":{"a":0,"k":[81.938,292.499,0],"ix":2,"l":2},"a":{"a":0,"k":[112.438,19.499,0],"ix":1,"l":2},"s":{"a":0,"k":[100,100,100],"ix":6,"l":2}},"ao":0,"shapes":[{"ty":"gr","it":[{"ind":0,"ty":"sh","ix":1,"ks":{"a":1,"k":[{"i":{"x":0.667,"y":0.524},"o":{"x":0.333,"y":0},"t":6,"s":[{"i":[[0,0],[-16.625,-10.625]],"o":[[0,0],[16.625,10.625]],"v":[[88.125,-5.625],[114.25,-5.625]],"c":false}]},{"i":{"x":0.667,"y":0.986},"o":{"x":0.333,"y":0.476},"t":7,"s":[{"i":[[0,0],[-16.625,-10.625]],"o":[[0,0],[16.625,10.625]],"v":[[88.125,-5.625],[114.25,-5.625]],"c":false}]},{"i":{"x":0.667,"y":0.532},"o":{"x":0.333,"y":0.014},"t":11,"s":[{"i":[[0,0],[-16.625,-10.625]],"o":[[0,0],[16.625,10.625]],"v":[[88.125,-40.875],[114.25,-40.875]],"c":false}]},{"i":{"x":0.833,"y":1},"o":{"x":0.333,"y":0.468},"t":15,"s":[{"i":[[0,0],[-16.625,-10.625]],"o":[[0,0],[16.625,10.625]],"v":[[88.125,-18.625],[114.25,-18.625]],"c":false}]},{"t":18,"s":[{"i":[[0,0],[-16.625,-10.625]],"o":[[0,0],[16.625,10.625]],"v":[[88.125,-5.625],[114.25,-5.625]],"c":false}]}],"ix":2},"nm":"Path 1","mn":"ADBE Vector Shape - Group","hd":false},{"ty":"st","c":{"a":0,"k":[0,0,0,1],"ix":3},"o":{"a":0,"k":100,"ix":4},"w":{"a":0,"k":2,"ix":5},"lc":1,"lj":1,"ml":4,"bm":0,"nm":"Stroke 1","mn":"ADBE Vector Graphic - Stroke","hd":false},{"ty":"tr","p":{"a":0,"k":[0,0],"ix":2},"a":{"a":0,"k":[0,0],"ix":1},"s":{"a":0,"k":[100,100],"ix":3},"r":{"a":0,"k":0,"ix":6},"o":{"a":0,"k":100,"ix":7},"sk":{"a":0,"k":0,"ix":4},"sa":{"a":0,"k":0,"ix":5},"nm":"Transform"}],"nm":"Shape 2","np":3,"cix":2,"bm":0,"ix":1,"mn":"ADBE Vector Group","hd":false},{"ty":"gr","it":[{"ind":0,"ty":"sh","ix":1,"ks":{"a":1,"k":[{"i":{"x":0.667,"y":1},"o":{"x":0.333,"y":0},"t":6,"s":[{"i":[[-7.18,0],[0,-7.18],[7.18,0],[0,7.18]],"o":[[7.18,0],[0,7.18],[-7.18,0],[0,-7.18]],"v":[[0,-13],[13,0],[0,13],[-13,0]],"c":true}]},{"i":{"x":0.667,"y":1},"o":{"x":0.333,"y":0},"t":7,"s":[{"i":[[-7.18,0],[0,-7.18],[7.18,0],[0,7.18]],"o":[[7.18,0],[0,7.18],[-7.18,0],[0,-7.18]],"v":[[0,-13],[13,0],[0,13],[-13,0]],"c":true}]},{"i":{"x":0.667,"y":1},"o":{"x":0.333,"y":0},"t":11,"s":[{"i":[[-7.18,0],[0,-7.18],[7.18,0],[0,7.18]],"o":[[7.18,0],[0,7.18],[-7.18,0],[0,-7.18]],"v":[[0,-48.25],[13,-35.25],[0,-22.25],[-13,-35.25]],"c":true}]},{"i":{"x":0.833,"y":1},"o":{"x":0.333,"y":0},"t":15,"s":[{"i":[[-7.18,0],[0,-7.18],[7.18,0],[0,7.18]],"o":[[7.18,0],[0,7.18],[-7.18,0],[0,-7.18]],"v":[[0,-26],[13,-13],[0,0],[-13,-13]],"c":true}]},{"t":18,"s":[{"i":[[-7.18,0],[0,-7.18],[7.18,0],[0,7.18]],"o":[[7.18,0],[0,7.18],[-7.18,0],[0,-7.18]],"v":[[0,-13],[13,0],[0,13],[-13,0]],"c":true}]}],"ix":2},"nm":"Path 1","mn":"ADBE Vector Shape - Group","hd":false},{"ty":"st","c":{"a":0,"k":[0,0,0,1],"ix":3},"o":{"a":0,"k":100,"ix":4},"w":{"a":0,"k":2,"ix":5},"lc":1,"lj":1,"ml":4,"bm":0,"nm":"Stroke 1","mn":"ADBE Vector Graphic - Stroke","hd":false},{"ty":"tr","p":{"a":0,"k":[101.25,10.75],"ix":2},"a":{"a":0,"k":[0,0],"ix":1},"s":{"a":0,"k":[100,100],"ix":3},"r":{"a":0,"k":0,"ix":6},"o":{"a":0,"k":100,"ix":7},"sk":{"a":0,"k":0,"ix":4},"sa":{"a":0,"k":0,"ix":5},"nm":"Transform"}],"nm":"Ellipse 1","np":3,"cix":2,"bm":0,"ix":2,"mn":"ADBE Vector Group","hd":false},{"ty":"gr","it":[{"ind":0,"ty":"sh","ix":1,"ks":{"a":1,"k":[{"i":{"x":0.667,"y":1},"o":{"x":0.333,"y":0},"t":6,"s":[{"i":[[0,16.25],[0.418,27.659],[16.266,0.196],[0,-18]],"o":[[0,-8.259],[-0.404,-26.761],[-20.75,-0.25],[0,18]],"v":[[136.5,127],[136.045,13.246],[124.5,-40.5],[109.25,7.75]],"c":false}]},{"i":{"x":0.667,"y":1},"o":{"x":0.333,"y":0},"t":7,"s":[{"i":[[0,16.25],[0.418,27.659],[16.266,0.196],[0,-18]],"o":[[0,-8.259],[-0.404,-26.761],[-20.75,-0.25],[0,18]],"v":[[136.5,126.063],[136.045,13.246],[124.5,-56.5],[109.25,7.75]],"c":false}]},{"i":{"x":0.667,"y":1},"o":{"x":0.333,"y":0},"t":11,"s":[{"i":[[0,16.25],[0.418,27.659],[22.25,-0.5],[0,-18]],"o":[[0,-8.259],[-0.404,-26.761],[-20.746,0.466],[0,18]],"v":[[136.75,126.5],[136.045,13.246],[124.5,-69],[109.25,-27.5]],"c":false}]},{"i":{"x":0.833,"y":1},"o":{"x":0.333,"y":0},"t":15,"s":[{"i":[[0,16.25],[0.418,27.659],[22.25,-0.5],[0,-18]],"o":[[0,-8.259],[-0.404,-26.761],[-20.746,0.466],[0,18]],"v":[[136.75,126.25],[136.045,35.496],[124.5,-46.75],[109.25,-5.25]],"c":false}]},{"t":18,"s":[{"i":[[0,16.25],[0.418,27.659],[16.266,0.196],[0,-18]],"o":[[0,-8.259],[-0.404,-26.761],[-20.75,-0.25],[0,18]],"v":[[136.5,127],[136.045,13.246],[124.5,-40.5],[109.25,7.75]],"c":false}]}],"ix":2},"nm":"Path 1","mn":"ADBE Vector Shape - Group","hd":false},{"ty":"st","c":{"a":0,"k":[1,1,1,1],"ix":3},"o":{"a":0,"k":100,"ix":4},"w":{"a":0,"k":50,"ix":5},"lc":2,"lj":1,"ml":4,"bm":0,"nm":"Stroke 1","mn":"ADBE Vector Graphic - Stroke","hd":false},{"ty":"tr","p":{"a":0,"k":[0,0],"ix":2},"a":{"a":0,"k":[0,0],"ix":1},"s":{"a":0,"k":[100,100],"ix":3},"r":{"a":0,"k":0,"ix":6},"o":{"a":0,"k":100,"ix":7},"sk":{"a":0,"k":0,"ix":4},"sa":{"a":0,"k":0,"ix":5},"nm":"Transform"}],"nm":"Shape 3","np":3,"cix":2,"bm":0,"ix":3,"mn":"ADBE Vector Group","hd":false},{"ty":"gr","it":[{"ind":0,"ty":"sh","ix":1,"ks":{"a":1,"k":[{"i":{"x":0.667,"y":1},"o":{"x":0.333,"y":0},"t":6,"s":[{"i":[[0,16.25],[0.418,27.659],[16.266,0.196],[0,-18]],"o":[[0,-8.259],[-0.404,-26.761],[-20.75,-0.25],[0,18]],"v":[[136.5,127],[136.045,13.246],[124.5,-40.5],[109.25,7.75]],"c":false}]},{"i":{"x":0.667,"y":1},"o":{"x":0.333,"y":0},"t":7,"s":[{"i":[[0,16.25],[0.418,27.659],[16.266,0.196],[0,-18]],"o":[[0,-8.259],[-0.404,-26.761],[-20.75,-0.25],[0,18]],"v":[[136.5,126.063],[136.045,13.246],[124.5,-56.5],[109.25,7.75]],"c":false}]},{"i":{"x":0.667,"y":1},"o":{"x":0.333,"y":0},"t":11,"s":[{"i":[[0,16.25],[0.418,27.659],[22.25,-0.5],[0,-18]],"o":[[0,-8.259],[-0.404,-26.761],[-20.746,0.466],[0,18]],"v":[[136.75,126.5],[136.045,13.246],[124.5,-69],[109.25,-27.5]],"c":false}]},{"i":{"x":0.833,"y":1},"o":{"x":0.333,"y":0},"t":15,"s":[{"i":[[0,16.25],[0.418,27.659],[22.25,-0.5],[0,-18]],"o":[[0,-8.259],[-0.404,-26.761],[-20.746,0.466],[0,18]],"v":[[136.75,126.25],[136.045,35.496],[124.5,-46.75],[109.25,-5.25]],"c":false}]},{"t":18,"s":[{"i":[[0,16.25],[0.418,27.659],[16.266,0.196],[0,-18]],"o":[[0,-8.259],[-0.404,-26.761],[-20.75,-0.25],[0,18]],"v":[[136.5,127],[136.045,13.246],[124.5,-40.5],[109.25,7.75]],"c":false}]}],"ix":2},"nm":"Path 1","mn":"ADBE Vector Shape - Group","hd":false},{"ty":"st","c":{"a":0,"k":[0,0,0,1],"ix":3},"o":{"a":0,"k":100,"ix":4},"w":{"a":0,"k":52,"ix":5},"lc":2,"lj":1,"ml":4,"bm":0,"nm":"Stroke 1","mn":"ADBE Vector Graphic - Stroke","hd":false},{"ty":"tr","p":{"a":0,"k":[0,0],"ix":2},"a":{"a":0,"k":[0,0],"ix":1},"s":{"a":0,"k":[100,100],"ix":3},"r":{"a":0,"k":0,"ix":6},"o":{"a":0,"k":100,"ix":7},"sk":{"a":0,"k":0,"ix":4},"sa":{"a":0,"k":0,"ix":5},"nm":"Transform"}],"nm":"Shape 1","np":3,"cix":2,"bm":0,"ix":4,"mn":"ADBE Vector Group","hd":false}],"ip":0,"op":180,"st":0,"ct":1,"bm":0},{"ddd":0,"ind":15,"ty":4,"nm":"finger 3","sr":1,"ks":{"o":{"a":0,"k":100,"ix":11},"r":{"a":0,"k":0,"ix":10},"p":{"a":0,"k":[462.438,293.499,0],"ix":2,"l":2},"a":{"a":0,"k":[112.438,19.499,0],"ix":1,"l":2},"s":{"a":0,"k":[100,100,100],"ix":6,"l":2}},"ao":0,"shapes":[{"ty":"gr","it":[{"ind":0,"ty":"sh","ix":1,"ks":{"a":1,"k":[{"i":{"x":0.667,"y":0.524},"o":{"x":0.333,"y":0},"t":41,"s":[{"i":[[0,0],[-16.625,-10.625]],"o":[[0,0],[16.625,10.625]],"v":[[88.125,-5.625],[114.25,-5.625]],"c":false}]},{"i":{"x":0.667,"y":0.986},"o":{"x":0.333,"y":0.476},"t":42,"s":[{"i":[[0,0],[-16.625,-10.625]],"o":[[0,0],[16.625,10.625]],"v":[[88.125,-5.625],[114.25,-5.625]],"c":false}]},{"i":{"x":0.667,"y":0.532},"o":{"x":0.333,"y":0.014},"t":46,"s":[{"i":[[0,0],[-16.625,-10.625]],"o":[[0,0],[16.625,10.625]],"v":[[88.125,-40.875],[114.25,-40.875]],"c":false}]},{"i":{"x":0.667,"y":1},"o":{"x":0.333,"y":0.468},"t":50,"s":[{"i":[[0,0],[-16.625,-10.625]],"o":[[0,0],[16.625,10.625]],"v":[[88.125,-18.625],[114.25,-18.625]],"c":false}]},{"t":53,"s":[{"i":[[0,0],[-16.625,-10.625]],"o":[[0,0],[16.625,10.625]],"v":[[88.125,-5.625],[114.25,-5.625]],"c":false}]}],"ix":2},"nm":"Path 1","mn":"ADBE Vector Shape - Group","hd":false},{"ty":"st","c":{"a":0,"k":[0,0,0,1],"ix":3},"o":{"a":0,"k":100,"ix":4},"w":{"a":0,"k":2,"ix":5},"lc":1,"lj":1,"ml":4,"bm":0,"nm":"Stroke 1","mn":"ADBE Vector Graphic - Stroke","hd":false},{"ty":"tr","p":{"a":0,"k":[0,0],"ix":2},"a":{"a":0,"k":[0,0],"ix":1},"s":{"a":0,"k":[100,100],"ix":3},"r":{"a":0,"k":0,"ix":6},"o":{"a":0,"k":100,"ix":7},"sk":{"a":0,"k":0,"ix":4},"sa":{"a":0,"k":0,"ix":5},"nm":"Transform"}],"nm":"Shape 2","np":3,"cix":2,"bm":0,"ix":1,"mn":"ADBE Vector Group","hd":false},{"ty":"gr","it":[{"ind":0,"ty":"sh","ix":1,"ks":{"a":1,"k":[{"i":{"x":0.667,"y":1},"o":{"x":0.333,"y":0},"t":41,"s":[{"i":[[-7.18,0],[0,-7.18],[7.18,0],[0,7.18]],"o":[[7.18,0],[0,7.18],[-7.18,0],[0,-7.18]],"v":[[0,-13],[13,0],[0,13],[-13,0]],"c":true}]},{"i":{"x":0.667,"y":1},"o":{"x":0.333,"y":0},"t":42,"s":[{"i":[[-7.18,0],[0,-7.18],[7.18,0],[0,7.18]],"o":[[7.18,0],[0,7.18],[-7.18,0],[0,-7.18]],"v":[[0,-13],[13,0],[0,13],[-13,0]],"c":true}]},{"i":{"x":0.667,"y":1},"o":{"x":0.333,"y":0},"t":46,"s":[{"i":[[-7.18,0],[0,-7.18],[7.18,0],[0,7.18]],"o":[[7.18,0],[0,7.18],[-7.18,0],[0,-7.18]],"v":[[0,-48.25],[13,-35.25],[0,-22.25],[-13,-35.25]],"c":true}]},{"i":{"x":0.667,"y":1},"o":{"x":0.333,"y":0},"t":50,"s":[{"i":[[-7.18,0],[0,-7.18],[7.18,0],[0,7.18]],"o":[[7.18,0],[0,7.18],[-7.18,0],[0,-7.18]],"v":[[0,-26],[13,-13],[0,0],[-13,-13]],"c":true}]},{"t":53,"s":[{"i":[[-7.18,0],[0,-7.18],[7.18,0],[0,7.18]],"o":[[7.18,0],[0,7.18],[-7.18,0],[0,-7.18]],"v":[[0,-13],[13,0],[0,13],[-13,0]],"c":true}]}],"ix":2},"nm":"Path 1","mn":"ADBE Vector Shape - Group","hd":false},{"ty":"st","c":{"a":0,"k":[0,0,0,1],"ix":3},"o":{"a":0,"k":100,"ix":4},"w":{"a":0,"k":2,"ix":5},"lc":1,"lj":1,"ml":4,"bm":0,"nm":"Stroke 1","mn":"ADBE Vector Graphic - Stroke","hd":false},{"ty":"tr","p":{"a":0,"k":[101.25,10.75],"ix":2},"a":{"a":0,"k":[0,0],"ix":1},"s":{"a":0,"k":[100,100],"ix":3},"r":{"a":0,"k":0,"ix":6},"o":{"a":0,"k":100,"ix":7},"sk":{"a":0,"k":0,"ix":4},"sa":{"a":0,"k":0,"ix":5},"nm":"Transform"}],"nm":"Ellipse 1","np":3,"cix":2,"bm":0,"ix":2,"mn":"ADBE Vector Group","hd":false},{"ty":"gr","it":[{"ind":0,"ty":"sh","ix":1,"ks":{"a":1,"k":[{"i":{"x":0.667,"y":1},"o":{"x":0.333,"y":0},"t":41,"s":[{"i":[[0,16.25],[0.418,27.659],[16.266,0.196],[0,-18]],"o":[[0,-8.259],[-0.404,-26.761],[-20.75,-0.25],[0,18]],"v":[[136.75,79.5],[136.045,13.246],[124.5,-40.5],[109.25,7.75]],"c":false}]},{"i":{"x":0.667,"y":1},"o":{"x":0.333,"y":0},"t":42,"s":[{"i":[[0,16.25],[0.418,27.659],[16.266,0.196],[0,-18]],"o":[[0,-8.259],[-0.404,-26.761],[-20.75,-0.25],[0,18]],"v":[[136.75,79.5],[136.045,13.246],[124.5,-56.5],[109.25,7.75]],"c":false}]},{"i":{"x":0.667,"y":1},"o":{"x":0.333,"y":0},"t":46,"s":[{"i":[[0,16.25],[0.418,27.659],[22.25,-0.5],[0,-18]],"o":[[0,-8.259],[-0.404,-26.761],[-20.746,0.466],[0,18]],"v":[[136.75,79.5],[136.045,13.246],[124.5,-69],[109.25,-27.5]],"c":false}]},{"i":{"x":0.667,"y":1},"o":{"x":0.333,"y":0},"t":50,"s":[{"i":[[0,16.25],[0.418,27.659],[22.25,-0.5],[0,-18]],"o":[[0,-8.259],[-0.404,-26.761],[-20.746,0.466],[0,18]],"v":[[136.75,79.5],[136.045,35.496],[124.5,-46.75],[109.25,-5.25]],"c":false}]},{"t":53,"s":[{"i":[[0,16.25],[0.418,27.659],[16.266,0.196],[0,-18]],"o":[[0,-8.259],[-0.404,-26.761],[-20.75,-0.25],[0,18]],"v":[[136.75,79.5],[136.045,13.246],[124.5,-40.5],[109.25,7.75]],"c":false}]}],"ix":2},"nm":"Path 1","mn":"ADBE Vector Shape - Group","hd":false},{"ty":"st","c":{"a":0,"k":[1,1,1,1],"ix":3},"o":{"a":0,"k":100,"ix":4},"w":{"a":0,"k":50,"ix":5},"lc":2,"lj":1,"ml":4,"bm":0,"nm":"Stroke 1","mn":"ADBE Vector Graphic - Stroke","hd":false},{"ty":"tr","p":{"a":0,"k":[0,0],"ix":2},"a":{"a":0,"k":[0,0],"ix":1},"s":{"a":0,"k":[100,100],"ix":3},"r":{"a":0,"k":0,"ix":6},"o":{"a":0,"k":100,"ix":7},"sk":{"a":0,"k":0,"ix":4},"sa":{"a":0,"k":0,"ix":5},"nm":"Transform"}],"nm":"Shape 3","np":3,"cix":2,"bm":0,"ix":3,"mn":"ADBE Vector Group","hd":false},{"ty":"gr","it":[{"ind":0,"ty":"sh","ix":1,"ks":{"a":1,"k":[{"i":{"x":0.667,"y":1},"o":{"x":0.333,"y":0},"t":41,"s":[{"i":[[0,16.25],[0.418,27.659],[16.266,0.196],[0,-18]],"o":[[0,-8.259],[-0.404,-26.761],[-20.75,-0.25],[0,18]],"v":[[136.75,79.5],[136.045,13.246],[124.5,-40.5],[109.25,7.75]],"c":false}]},{"i":{"x":0.667,"y":1},"o":{"x":0.333,"y":0},"t":42,"s":[{"i":[[0,16.25],[0.418,27.659],[16.266,0.196],[0,-18]],"o":[[0,-8.259],[-0.404,-26.761],[-20.75,-0.25],[0,18]],"v":[[136.75,79.5],[136.045,13.246],[124.5,-56.5],[109.25,7.75]],"c":false}]},{"i":{"x":0.667,"y":1},"o":{"x":0.333,"y":0},"t":46,"s":[{"i":[[0,16.25],[0.418,27.659],[22.25,-0.5],[0,-18]],"o":[[0,-8.259],[-0.404,-26.761],[-20.746,0.466],[0,18]],"v":[[136.75,79.5],[136.045,13.246],[124.5,-69],[109.25,-27.5]],"c":false}]},{"i":{"x":0.667,"y":1},"o":{"x":0.333,"y":0},"t":50,"s":[{"i":[[0,16.25],[0.418,27.659],[22.25,-0.5],[0,-18]],"o":[[0,-8.259],[-0.404,-26.761],[-20.746,0.466],[0,18]],"v":[[136.75,79.5],[136.045,35.496],[124.5,-46.75],[109.25,-5.25]],"c":false}]},{"t":53,"s":[{"i":[[0,16.25],[0.418,27.659],[16.266,0.196],[0,-18]],"o":[[0,-8.259],[-0.404,-26.761],[-20.75,-0.25],[0,18]],"v":[[136.75,79.5],[136.045,13.246],[124.5,-40.5],[109.25,7.75]],"c":false}]}],"ix":2},"nm":"Path 1","mn":"ADBE Vector Shape - Group","hd":false},{"ty":"st","c":{"a":0,"k":[0,0,0,1],"ix":3},"o":{"a":0,"k":100,"ix":4},"w":{"a":0,"k":52,"ix":5},"lc":2,"lj":1,"ml":4,"bm":0,"nm":"Stroke 1","mn":"ADBE Vector Graphic - Stroke","hd":false},{"ty":"tr","p":{"a":0,"k":[0,0],"ix":2},"a":{"a":0,"k":[0,0],"ix":1},"s":{"a":0,"k":[100,100],"ix":3},"r":{"a":0,"k":0,"ix":6},"o":{"a":0,"k":100,"ix":7},"sk":{"a":0,"k":0,"ix":4},"sa":{"a":0,"k":0,"ix":5},"nm":"Transform"}],"nm":"Shape 1","np":3,"cix":2,"bm":0,"ix":4,"mn":"ADBE Vector Group","hd":false}],"ip":0,"op":180,"st":0,"ct":1,"bm":0},{"ddd":0,"ind":16,"ty":4,"nm":"finger 2","sr":1,"ks":{"o":{"a":0,"k":100,"ix":11},"r":{"a":0,"k":0,"ix":10},"p":{"a":0,"k":[420.938,324.999,0],"ix":2,"l":2},"a":{"a":0,"k":[112.438,19.499,0],"ix":1,"l":2},"s":{"a":0,"k":[100,100,100],"ix":6,"l":2}},"ao":0,"shapes":[{"ty":"gr","it":[{"ind":0,"ty":"sh","ix":1,"ks":{"a":1,"k":[{"i":{"x":0.667,"y":0.524},"o":{"x":0.333,"y":0},"t":43,"s":[{"i":[[0,0],[-16.625,-10.625]],"o":[[0,0],[16.625,10.625]],"v":[[88.125,-5.625],[114.25,-5.625]],"c":false}]},{"i":{"x":0.667,"y":0.986},"o":{"x":0.333,"y":0.476},"t":44,"s":[{"i":[[0,0],[-16.625,-10.625]],"o":[[0,0],[16.625,10.625]],"v":[[88.125,-5.625],[114.25,-5.625]],"c":false}]},{"i":{"x":0.667,"y":0.532},"o":{"x":0.333,"y":0.014},"t":48,"s":[{"i":[[0,0],[-16.625,-10.625]],"o":[[0,0],[16.625,10.625]],"v":[[89.375,-43.375],[115.5,-43.375]],"c":false}]},{"i":{"x":0.667,"y":1},"o":{"x":0.333,"y":0.468},"t":52,"s":[{"i":[[0,0],[-16.625,-10.625]],"o":[[0,0],[16.625,10.625]],"v":[[88.875,-14.125],[115,-14.125]],"c":false}]},{"t":55,"s":[{"i":[[0,0],[-16.625,-10.625]],"o":[[0,0],[16.625,10.625]],"v":[[88.125,-5.625],[114.25,-5.625]],"c":false}]}],"ix":2},"nm":"Path 1","mn":"ADBE Vector Shape - Group","hd":false},{"ty":"st","c":{"a":0,"k":[0,0,0,1],"ix":3},"o":{"a":0,"k":100,"ix":4},"w":{"a":0,"k":2,"ix":5},"lc":1,"lj":1,"ml":4,"bm":0,"nm":"Stroke 1","mn":"ADBE Vector Graphic - Stroke","hd":false},{"ty":"tr","p":{"a":0,"k":[0,0],"ix":2},"a":{"a":0,"k":[0,0],"ix":1},"s":{"a":0,"k":[100,100],"ix":3},"r":{"a":0,"k":0,"ix":6},"o":{"a":0,"k":100,"ix":7},"sk":{"a":0,"k":0,"ix":4},"sa":{"a":0,"k":0,"ix":5},"nm":"Transform"}],"nm":"Shape 2","np":3,"cix":2,"bm":0,"ix":1,"mn":"ADBE Vector Group","hd":false},{"ty":"gr","it":[{"ind":0,"ty":"sh","ix":1,"ks":{"a":1,"k":[{"i":{"x":0.667,"y":0.524},"o":{"x":0.333,"y":0},"t":43,"s":[{"i":[[-7.18,0],[0,-7.18],[7.18,0],[0,7.18]],"o":[[7.18,0],[0,7.18],[-7.18,0],[0,-7.18]],"v":[[0,-13],[13,0],[0,13],[-13,0]],"c":true}]},{"i":{"x":0.667,"y":0.986},"o":{"x":0.333,"y":0.476},"t":44,"s":[{"i":[[-7.18,0],[0,-7.18],[7.18,0],[0,7.18]],"o":[[7.18,0],[0,7.18],[-7.18,0],[0,-7.18]],"v":[[0,-13],[13,0],[0,13],[-13,0]],"c":true}]},{"i":{"x":0.667,"y":0.532},"o":{"x":0.333,"y":0.014},"t":48,"s":[{"i":[[-7.18,0],[0,-7.18],[7.18,0],[0,7.18]],"o":[[7.18,0],[0,7.18],[-7.18,0],[0,-7.18]],"v":[[1.25,-50.75],[14.25,-37.75],[1.25,-24.75],[-11.75,-37.75]],"c":true}]},{"i":{"x":0.667,"y":1},"o":{"x":0.333,"y":0.468},"t":52,"s":[{"i":[[-7.18,0],[0,-7.18],[7.18,0],[0,7.18]],"o":[[7.18,0],[0,7.18],[-7.18,0],[0,-7.18]],"v":[[0.75,-21.5],[13.75,-8.5],[0.75,4.5],[-12.25,-8.5]],"c":true}]},{"t":55,"s":[{"i":[[-7.18,0],[0,-7.18],[7.18,0],[0,7.18]],"o":[[7.18,0],[0,7.18],[-7.18,0],[0,-7.18]],"v":[[0,-13],[13,0],[0,13],[-13,0]],"c":true}]}],"ix":2},"nm":"Path 1","mn":"ADBE Vector Shape - Group","hd":false},{"ty":"st","c":{"a":0,"k":[0,0,0,1],"ix":3},"o":{"a":0,"k":100,"ix":4},"w":{"a":0,"k":2,"ix":5},"lc":1,"lj":1,"ml":4,"bm":0,"nm":"Stroke 1","mn":"ADBE Vector Graphic - Stroke","hd":false},{"ty":"tr","p":{"a":0,"k":[101.25,10.75],"ix":2},"a":{"a":0,"k":[0,0],"ix":1},"s":{"a":0,"k":[100,100],"ix":3},"r":{"a":0,"k":0,"ix":6},"o":{"a":0,"k":100,"ix":7},"sk":{"a":0,"k":0,"ix":4},"sa":{"a":0,"k":0,"ix":5},"nm":"Transform"}],"nm":"Ellipse 1","np":3,"cix":2,"bm":0,"ix":2,"mn":"ADBE Vector Group","hd":false},{"ty":"gr","it":[{"ind":0,"ty":"sh","ix":1,"ks":{"a":1,"k":[{"i":{"x":0.667,"y":0.524},"o":{"x":0.333,"y":0},"t":43,"s":[{"i":[[0,16.25],[0.418,27.659],[16.266,0.196],[0,-18]],"o":[[0,-8.259],[-0.404,-26.761],[-20.75,-0.25],[0,18]],"v":[[135,47.75],[136.045,13.246],[124,-44.75],[109.25,7.75]],"c":false}]},{"i":{"x":0.667,"y":0.986},"o":{"x":0.333,"y":0.476},"t":44,"s":[{"i":[[0,16.25],[0.418,27.659],[16.266,0.173],[0,-18]],"o":[[0,-8.259],[-0.404,-26.761],[-23.5,-0.25],[0,18]],"v":[[135,47.75],[136.045,13.246],[124,-62],[109.25,7.75]],"c":false}]},{"i":{"x":0.667,"y":0.532},"o":{"x":0.333,"y":0.014},"t":48,"s":[{"i":[[0,16.25],[0.418,27.659],[16.266,0.173],[0,-18]],"o":[[0,-8.259],[-0.404,-26.761],[-23.5,-0.25],[0,18]],"v":[[135,47.75],[136.045,13.246],[124,-63.5],[107.75,-28.75]],"c":false}]},{"i":{"x":0.667,"y":1},"o":{"x":0.333,"y":0.468},"t":52,"s":[{"i":[[0,16.25],[0.418,27.659],[16.266,0.196],[0,-18]],"o":[[0,-8.259],[-0.404,-26.761],[-20.75,-0.25],[0,18]],"v":[[135,47.75],[136.045,13.246],[123.5,-43.25],[109,1]],"c":false}]},{"t":55,"s":[{"i":[[0,16.25],[0.418,27.659],[16.266,0.196],[0,-18]],"o":[[0,-8.259],[-0.404,-26.761],[-20.75,-0.25],[0,18]],"v":[[135,47.75],[136.045,13.246],[124,-44.75],[109.25,7.75]],"c":false}]}],"ix":2},"nm":"Path 1","mn":"ADBE Vector Shape - Group","hd":false},{"ty":"st","c":{"a":0,"k":[1,1,1,1],"ix":3},"o":{"a":0,"k":100,"ix":4},"w":{"a":0,"k":50,"ix":5},"lc":2,"lj":1,"ml":4,"bm":0,"nm":"Stroke 1","mn":"ADBE Vector Graphic - Stroke","hd":false},{"ty":"tr","p":{"a":0,"k":[0,0],"ix":2},"a":{"a":0,"k":[0,0],"ix":1},"s":{"a":0,"k":[100,100],"ix":3},"r":{"a":0,"k":0,"ix":6},"o":{"a":0,"k":100,"ix":7},"sk":{"a":0,"k":0,"ix":4},"sa":{"a":0,"k":0,"ix":5},"nm":"Transform"}],"nm":"Shape 3","np":3,"cix":2,"bm":0,"ix":3,"mn":"ADBE Vector Group","hd":false},{"ty":"gr","it":[{"ind":0,"ty":"sh","ix":1,"ks":{"a":1,"k":[{"i":{"x":0.667,"y":0.524},"o":{"x":0.333,"y":0},"t":43,"s":[{"i":[[0,16.25],[0.418,27.659],[16.266,0.196],[0,-18]],"o":[[0,-8.259],[-0.404,-26.761],[-20.75,-0.25],[0,18]],"v":[[135,47.75],[136.045,13.246],[124,-44.75],[109.25,7.75]],"c":false}]},{"i":{"x":0.667,"y":0.986},"o":{"x":0.333,"y":0.476},"t":44,"s":[{"i":[[0,16.25],[0.418,27.659],[16.266,0.173],[0,-18]],"o":[[0,-8.259],[-0.404,-26.761],[-23.5,-0.25],[0,18]],"v":[[135,47.75],[136.045,13.246],[124,-62],[109.25,7.75]],"c":false}]},{"i":{"x":0.667,"y":0.532},"o":{"x":0.333,"y":0.014},"t":48,"s":[{"i":[[0,16.25],[0.418,27.659],[16.266,0.173],[0,-18]],"o":[[0,-8.259],[-0.404,-26.761],[-23.5,-0.25],[0,18]],"v":[[135,47.75],[136.045,13.246],[124,-63.5],[107.75,-28.75]],"c":false}]},{"i":{"x":0.667,"y":1},"o":{"x":0.333,"y":0.468},"t":52,"s":[{"i":[[0,16.25],[0.418,27.659],[16.266,0.196],[0,-18]],"o":[[0,-8.259],[-0.404,-26.761],[-20.75,-0.25],[0,18]],"v":[[135,47.75],[136.045,13.246],[123.5,-43.25],[109,1]],"c":false}]},{"t":55,"s":[{"i":[[0,16.25],[0.418,27.659],[16.266,0.196],[0,-18]],"o":[[0,-8.259],[-0.404,-26.761],[-20.75,-0.25],[0,18]],"v":[[135,47.75],[136.045,13.246],[124,-44.75],[109.25,7.75]],"c":false}]}],"ix":2},"nm":"Path 1","mn":"ADBE Vector Shape - Group","hd":false},{"ty":"st","c":{"a":0,"k":[0,0,0,1],"ix":3},"o":{"a":0,"k":100,"ix":4},"w":{"a":0,"k":52,"ix":5},"lc":2,"lj":1,"ml":4,"bm":0,"nm":"Stroke 1","mn":"ADBE Vector Graphic - Stroke","hd":false},{"ty":"tr","p":{"a":0,"k":[0,0],"ix":2},"a":{"a":0,"k":[0,0],"ix":1},"s":{"a":0,"k":[100,100],"ix":3},"r":{"a":0,"k":0,"ix":6},"o":{"a":0,"k":100,"ix":7},"sk":{"a":0,"k":0,"ix":4},"sa":{"a":0,"k":0,"ix":5},"nm":"Transform"}],"nm":"Shape 1","np":3,"cix":2,"bm":0,"ix":4,"mn":"ADBE Vector Group","hd":false}],"ip":0,"op":180,"st":0,"ct":1,"bm":0},{"ddd":0,"ind":17,"ty":4,"nm":"finger 1","sr":1,"ks":{"o":{"a":0,"k":100,"ix":11},"r":{"a":0,"k":0,"ix":10},"p":{"a":0,"k":[365.438,294.999,0],"ix":2,"l":2},"a":{"a":0,"k":[112.438,19.499,0],"ix":1,"l":2},"s":{"a":0,"k":[100,100,100],"ix":6,"l":2}},"ao":0,"shapes":[{"ty":"gr","it":[{"ind":0,"ty":"sh","ix":1,"ks":{"a":1,"k":[{"i":{"x":0.667,"y":0.519},"o":{"x":0.333,"y":0},"t":37,"s":[{"i":[[0,0],[-16.625,-10.625]],"o":[[0,0],[16.625,10.625]],"v":[[88.125,-5.625],[114.25,-5.625]],"c":false}]},{"i":{"x":0.667,"y":0.974},"o":{"x":0.333,"y":0.481},"t":41,"s":[{"i":[[0,0],[-16.625,-10.625]],"o":[[0,0],[16.625,10.625]],"v":[[88.125,21.875],[114.25,21.875]],"c":false}]},{"i":{"x":0.667,"y":0.53},"o":{"x":0.333,"y":0.026},"t":42,"s":[{"i":[[0,0],[-4.875,-6.5]],"o":[[0,0],[11.838,15.784]],"v":[[86.5,162.125],[100.5,166.75]],"c":false}]},{"i":{"x":0.667,"y":1},"o":{"x":0.333,"y":0.47},"t":44,"s":[{"i":[[0,0],[-12.806,-10.569]],"o":[[0,0],[12.902,14.638]],"v":[[88.736,128.972],[113.931,128.944]],"c":false}]},{"t":51,"s":[{"i":[[0,0],[-16.625,-10.625]],"o":[[0,0],[16.625,10.625]],"v":[[88.125,-5.625],[114.25,-5.625]],"c":false}]}],"ix":2},"nm":"Path 1","mn":"ADBE Vector Shape - Group","hd":false},{"ty":"st","c":{"a":0,"k":[0,0,0,1],"ix":3},"o":{"a":0,"k":100,"ix":4},"w":{"a":0,"k":2,"ix":5},"lc":1,"lj":1,"ml":4,"bm":0,"nm":"Stroke 1","mn":"ADBE Vector Graphic - Stroke","hd":false},{"ty":"tr","p":{"a":0,"k":[0,0],"ix":2},"a":{"a":0,"k":[0,0],"ix":1},"s":{"a":0,"k":[100,100],"ix":3},"r":{"a":0,"k":0,"ix":6},"o":{"a":0,"k":100,"ix":7},"sk":{"a":0,"k":0,"ix":4},"sa":{"a":0,"k":0,"ix":5},"nm":"Transform"}],"nm":"Shape 2","np":3,"cix":2,"bm":0,"ix":1,"mn":"ADBE Vector Group","hd":false},{"ty":"gr","it":[{"ind":0,"ty":"sh","ix":1,"ks":{"a":1,"k":[{"i":{"x":0.667,"y":1},"o":{"x":0.333,"y":0},"t":37,"s":[{"i":[[-7.18,0],[0,-7.18],[7.18,0],[0,7.18]],"o":[[7.18,0],[0,7.18],[-7.18,0],[0,-7.18]],"v":[[0,-13],[13,0],[0,13],[-13,0]],"c":true}]},{"i":{"x":0.667,"y":1},"o":{"x":0.333,"y":0},"t":41,"s":[{"i":[[-7.18,0],[0,-7.18],[7.18,0],[0,7.18]],"o":[[7.18,0],[0,7.18],[-7.18,0],[0,-7.18]],"v":[[0,14.5],[13,27.5],[0,40.5],[-13,27.5]],"c":true}]},{"i":{"x":0.667,"y":1},"o":{"x":0.333,"y":0},"t":42,"s":[{"i":[[-7,-2.125],[2.039,-1.96],[6.375,1.25],[-4.207,3.937]],"o":[[3.534,1.073],[-6.5,6.25],[-5.175,-1.015],[5.255,-4.918]],"v":[[-5.875,154.375],[-2.5,160.875],[-22.75,163.75],[-26.125,155.625]],"c":true}]},{"i":{"x":0.667,"y":1},"o":{"x":0.333,"y":0},"t":44,"s":[{"i":[[-10.431,-1.181],[-1.569,-4.625],[6.554,0.972],[-4.042,12.833]],"o":[[4.344,0.834],[-0.069,10.5],[-5.621,-0.789],[2.458,-5.792]],"v":[[4.556,121.556],[13.694,132.125],[-0.569,147.75],[-12.083,128.667]],"c":true}]},{"t":51,"s":[{"i":[[-7.18,0],[0,-7.18],[7.18,0],[0,7.18]],"o":[[7.18,0],[0,7.18],[-7.18,0],[0,-7.18]],"v":[[0,-13],[13,0],[0,13],[-13,0]],"c":true}]}],"ix":2},"nm":"Path 1","mn":"ADBE Vector Shape - Group","hd":false},{"ty":"st","c":{"a":0,"k":[0,0,0,1],"ix":3},"o":{"a":0,"k":100,"ix":4},"w":{"a":0,"k":2,"ix":5},"lc":1,"lj":1,"ml":4,"bm":0,"nm":"Stroke 1","mn":"ADBE Vector Graphic - Stroke","hd":false},{"ty":"tr","p":{"a":0,"k":[101.25,10.75],"ix":2},"a":{"a":0,"k":[0,0],"ix":1},"s":{"a":0,"k":[100,100],"ix":3},"r":{"a":0,"k":0,"ix":6},"o":{"a":0,"k":100,"ix":7},"sk":{"a":0,"k":0,"ix":4},"sa":{"a":0,"k":0,"ix":5},"nm":"Transform"}],"nm":"Ellipse 1","np":3,"cix":2,"bm":0,"ix":2,"mn":"ADBE Vector Group","hd":false},{"ty":"gr","it":[{"ind":0,"ty":"sh","ix":1,"ks":{"a":1,"k":[{"i":{"x":0.667,"y":1},"o":{"x":0.333,"y":0},"t":37,"s":[{"i":[[0,16.25],[-0.795,27.004],[22.25,0.2],[0,-18]],"o":[[0,-8.259],[0.787,-26.753],[-27.75,-0.25],[0,18]],"v":[[142.25,78],[143.795,9.996],[129.75,-64.25],[109.25,7.75]],"c":false}]},{"i":{"x":0.667,"y":1},"o":{"x":0.333,"y":0},"t":41,"s":[{"i":[[0,16.25],[-0.135,9.504],[18.746,0.371],[0,-18]],"o":[[0,-8.259],[0.205,-14.496],[-25.25,-0.5],[0,18]],"v":[[142.25,78],[142.545,52.246],[127.5,1],[109.25,35.25]],"c":false}]},{"i":{"x":0.667,"y":1},"o":{"x":0.333,"y":0},"t":42,"s":[{"i":[[0,16.25],[0.511,9.491],[12.5,-1.75],[53.5,6.25]],"o":[[0,-8.259],[-0.795,-14.745],[-22.811,3.194],[-17.878,-2.089]],"v":[[142.25,78],[142.545,52.245],[121.25,26.5],[88.75,187.5]],"c":false}]},{"i":{"x":0.667,"y":1},"o":{"x":0.333,"y":0},"t":44,"s":[{"i":[[0,16.25],[0.221,13.383],[14.667,-1.317],[-0.306,-24.055]],"o":[[0,-8.259],[-0.443,-17.414],[-17.139,3.167],[2.194,11.445]],"v":[[142.25,78],[142.822,42.857],[121.639,-12.167],[109.056,148.555]],"c":false}]},{"t":51,"s":[{"i":[[0,16.25],[-0.795,27.004],[22.25,0.2],[0,-18]],"o":[[0,-8.259],[0.787,-26.753],[-27.75,-0.25],[0,18]],"v":[[142.25,78],[143.795,9.996],[129.75,-64.25],[109.25,7.75]],"c":false}]}],"ix":2},"nm":"Path 1","mn":"ADBE Vector Shape - Group","hd":false},{"ty":"st","c":{"a":0,"k":[1,1,1,1],"ix":3},"o":{"a":0,"k":100,"ix":4},"w":{"a":0,"k":50,"ix":5},"lc":2,"lj":1,"ml":4,"bm":0,"nm":"Stroke 1","mn":"ADBE Vector Graphic - Stroke","hd":false},{"ty":"tr","p":{"a":0,"k":[0,0],"ix":2},"a":{"a":0,"k":[0,0],"ix":1},"s":{"a":0,"k":[100,100],"ix":3},"r":{"a":0,"k":0,"ix":6},"o":{"a":0,"k":100,"ix":7},"sk":{"a":0,"k":0,"ix":4},"sa":{"a":0,"k":0,"ix":5},"nm":"Transform"}],"nm":"Shape 3","np":3,"cix":2,"bm":0,"ix":3,"mn":"ADBE Vector Group","hd":false},{"ty":"gr","it":[{"ind":0,"ty":"sh","ix":1,"ks":{"a":1,"k":[{"i":{"x":0.667,"y":1},"o":{"x":0.333,"y":0},"t":37,"s":[{"i":[[0,16.25],[-0.795,27.004],[22.25,0.2],[0,-18]],"o":[[0,-8.259],[0.787,-26.753],[-27.75,-0.25],[0,18]],"v":[[142.25,78],[143.795,9.996],[129.75,-64.25],[109.25,7.75]],"c":false}]},{"i":{"x":0.667,"y":1},"o":{"x":0.333,"y":0},"t":41,"s":[{"i":[[0,16.25],[-0.135,9.504],[18.746,0.371],[0,-18]],"o":[[0,-8.259],[0.205,-14.496],[-25.25,-0.5],[0,18]],"v":[[142.25,78],[142.545,52.246],[127.5,1],[109.25,35.25]],"c":false}]},{"i":{"x":0.667,"y":1},"o":{"x":0.333,"y":0},"t":42,"s":[{"i":[[0,16.25],[0.511,9.491],[12.5,-1.75],[53.5,6.25]],"o":[[0,-8.259],[-0.795,-14.745],[-22.811,3.194],[-17.878,-2.089]],"v":[[142.25,78],[142.545,52.245],[121.25,26.5],[88.75,187.5]],"c":false}]},{"i":{"x":0.667,"y":1},"o":{"x":0.333,"y":0},"t":44,"s":[{"i":[[0,16.25],[0.221,13.383],[14.667,-1.317],[-0.306,-24.055]],"o":[[0,-8.259],[-0.443,-17.414],[-17.139,3.167],[2.194,11.445]],"v":[[142.25,78],[142.822,42.857],[121.639,-12.167],[109.056,148.555]],"c":false}]},{"t":51,"s":[{"i":[[0,16.25],[-0.795,27.004],[22.25,0.2],[0,-18]],"o":[[0,-8.259],[0.787,-26.753],[-27.75,-0.25],[0,18]],"v":[[142.25,78],[143.795,9.996],[129.75,-64.25],[109.25,7.75]],"c":false}]}],"ix":2},"nm":"Path 1","mn":"ADBE Vector Shape - Group","hd":false},{"ty":"st","c":{"a":0,"k":[0,0,0,1],"ix":3},"o":{"a":0,"k":100,"ix":4},"w":{"a":0,"k":52,"ix":5},"lc":2,"lj":1,"ml":4,"bm":0,"nm":"Stroke 1","mn":"ADBE Vector Graphic - Stroke","hd":false},{"ty":"tr","p":{"a":0,"k":[0,0],"ix":2},"a":{"a":0,"k":[0,0],"ix":1},"s":{"a":0,"k":[100,100],"ix":3},"r":{"a":0,"k":0,"ix":6},"o":{"a":0,"k":100,"ix":7},"sk":{"a":0,"k":0,"ix":4},"sa":{"a":0,"k":0,"ix":5},"nm":"Transform"}],"nm":"Shape 1","np":3,"cix":2,"bm":0,"ix":4,"mn":"ADBE Vector Group","hd":false}],"ip":0,"op":180,"st":0,"ct":1,"bm":0},{"ddd":0,"ind":18,"ty":4,"nm":"thumb","sr":1,"ks":{"o":{"a":0,"k":100,"ix":11},"r":{"a":0,"k":0,"ix":10},"p":{"a":0,"k":[369.198,430,0],"ix":2,"l":2},"a":{"a":0,"k":[19.198,156,0],"ix":1,"l":2},"s":{"a":0,"k":[100,100,100],"ix":6,"l":2}},"ao":0,"shapes":[{"ty":"gr","it":[{"ind":0,"ty":"sh","ix":1,"ks":{"a":1,"k":[{"i":{"x":0.279,"y":0.864},"o":{"x":0.105,"y":0},"t":43,"s":[{"i":[[0,0],[14.25,24.25],[0,0]],"o":[[0,0],[-13.04,-22.191],[0,0]],"v":[[18,155.5],[9.5,93.5],[-27.75,73]],"c":false}]},{"i":{"x":0.949,"y":0.99},"o":{"x":0.913,"y":0.173},"t":48,"s":[{"i":[[0,0],[9.653,26.419],[0,0]],"o":[[0,0],[-9.5,-26],[0,0]],"v":[[18,155.5],[14,80],[-18.75,33.5]],"c":false}]},{"i":{"x":0.667,"y":1},"o":{"x":0.333,"y":0.063},"t":54,"s":[{"i":[[0,0],[16.504,22.776],[0,0]],"o":[[0,0],[-12.5,-17.25],[0,0]],"v":[[18,155.5],[8.75,99],[-28,79.5]],"c":false}]},{"t":59,"s":[{"i":[[0,0],[14.25,24.25],[0,0]],"o":[[0,0],[-13.04,-22.191],[0,0]],"v":[[18,155.5],[9.5,93.5],[-27.75,73]],"c":false}]}],"ix":2},"nm":"Path 1","mn":"ADBE Vector Shape - Group","hd":false},{"ty":"st","c":{"a":0,"k":[1,1,1,1],"ix":3},"o":{"a":0,"k":100,"ix":4},"w":{"a":0,"k":60,"ix":5},"lc":2,"lj":1,"ml":4,"bm":0,"nm":"Stroke 1","mn":"ADBE Vector Graphic - Stroke","hd":false},{"ty":"tr","p":{"a":0,"k":[0,0],"ix":2},"a":{"a":0,"k":[0,0],"ix":1},"s":{"a":0,"k":[100,100],"ix":3},"r":{"a":0,"k":0,"ix":6},"o":{"a":0,"k":100,"ix":7},"sk":{"a":0,"k":0,"ix":4},"sa":{"a":0,"k":0,"ix":5},"nm":"Transform"}],"nm":"Shape 2","np":3,"cix":2,"bm":0,"ix":1,"mn":"ADBE Vector Group","hd":false},{"ty":"gr","it":[{"ind":0,"ty":"sh","ix":1,"ks":{"a":1,"k":[{"i":{"x":0.279,"y":0.864},"o":{"x":0.105,"y":0},"t":43,"s":[{"i":[[0,0],[14.25,24.25],[0,0]],"o":[[0,0],[-13.04,-22.191],[0,0]],"v":[[18,155.5],[9.5,93.5],[-27.75,73]],"c":false}]},{"i":{"x":0.949,"y":0.99},"o":{"x":0.913,"y":0.173},"t":48,"s":[{"i":[[0,0],[9.653,26.419],[0,0]],"o":[[0,0],[-9.5,-26],[0,0]],"v":[[18,155.5],[14,80],[-18.75,33.5]],"c":false}]},{"i":{"x":0.667,"y":1},"o":{"x":0.333,"y":0.063},"t":54,"s":[{"i":[[0,0],[16.504,22.776],[0,0]],"o":[[0,0],[-12.5,-17.25],[0,0]],"v":[[18,155.5],[8.75,99],[-28,79.5]],"c":false}]},{"t":59,"s":[{"i":[[0,0],[14.25,24.25],[0,0]],"o":[[0,0],[-13.04,-22.191],[0,0]],"v":[[18,155.5],[9.5,93.5],[-27.75,73]],"c":false}]}],"ix":2},"nm":"Path 1","mn":"ADBE Vector Shape - Group","hd":false},{"ty":"st","c":{"a":0,"k":[0.054901960784,0.054901960784,0.054901960784,1],"ix":3},"o":{"a":0,"k":100,"ix":4},"w":{"a":0,"k":62,"ix":5},"lc":2,"lj":1,"ml":4,"bm":0,"nm":"Stroke 1","mn":"ADBE Vector Graphic - Stroke","hd":false},{"ty":"tr","p":{"a":0,"k":[0,0],"ix":2},"a":{"a":0,"k":[0,0],"ix":1},"s":{"a":0,"k":[100,100],"ix":3},"r":{"a":0,"k":0,"ix":6},"o":{"a":0,"k":100,"ix":7},"sk":{"a":0,"k":0,"ix":4},"sa":{"a":0,"k":0,"ix":5},"nm":"Transform"}],"nm":"Shape 1","np":3,"cix":2,"bm":0,"ix":2,"mn":"ADBE Vector Group","hd":false}],"ip":0,"op":180,"st":0,"ct":1,"bm":0},{"ddd":0,"ind":19,"ty":4,"nm":"Shape Layer 10","sr":1,"ks":{"o":{"a":0,"k":100,"ix":11},"r":{"a":0,"k":0,"ix":10},"p":{"a":0,"k":[598.724,408.989,0],"ix":2,"l":2},"a":{"a":0,"k":[37.724,134.989,0],"ix":1,"l":2},"s":{"a":0,"k":[100,100,100],"ix":6,"l":2}},"ao":0,"shapes":[{"ty":"gr","it":[{"ind":0,"ty":"sh","ix":1,"ks":{"a":0,"k":{"i":[[0,0],[-13,-8],[-20.02,19.861],[24.5,26]],"o":[[0,0],[13,8],[31.5,-31.25],[-24.5,-26]],"v":[[-4.5,43],[-9.5,211.5],[84.5,195.5],[88.5,73.5]],"c":true},"ix":2},"nm":"Path 1","mn":"ADBE Vector Shape - Group","hd":false},{"ty":"fl","c":{"a":0,"k":[1,1,1,1],"ix":4},"o":{"a":0,"k":100,"ix":5},"r":1,"bm":0,"nm":"Fill 1","mn":"ADBE Vector Graphic - Fill","hd":false},{"ty":"tr","p":{"a":0,"k":[0,0],"ix":2},"a":{"a":0,"k":[0,0],"ix":1},"s":{"a":0,"k":[100,100],"ix":3},"r":{"a":0,"k":0,"ix":6},"o":{"a":0,"k":100,"ix":7},"sk":{"a":0,"k":0,"ix":4},"sa":{"a":0,"k":0,"ix":5},"nm":"Transform"}],"nm":"Shape 1","np":3,"cix":2,"bm":0,"ix":1,"mn":"ADBE Vector Group","hd":false}],"ip":0,"op":180,"st":0,"ct":1,"bm":0},{"ddd":0,"ind":20,"ty":4,"nm":"Shape Layer 4","sr":1,"ks":{"o":{"a":0,"k":100,"ix":11},"r":{"a":0,"k":0,"ix":10},"p":{"a":0,"k":[488,420,0],"ix":2,"l":2},"a":{"a":0,"k":[154,151,0],"ix":1,"l":2},"s":{"a":0,"k":[100,100,100],"ix":6,"l":2}},"ao":0,"shapes":[{"ty":"gr","it":[{"ind":0,"ty":"sh","ix":1,"ks":{"a":0,"k":{"i":[[0,0],[0,0]],"o":[[0,0],[0,0]],"v":[[259,151],[72,151]],"c":false},"ix":2},"nm":"Path 1","mn":"ADBE Vector Shape - Group","hd":false},{"ty":"st","c":{"a":0,"k":[1,1,1,1],"ix":3},"o":{"a":0,"k":100,"ix":4},"w":{"a":0,"k":140,"ix":5},"lc":2,"lj":1,"ml":4,"bm":0,"nm":"Stroke 1","mn":"ADBE Vector Graphic - Stroke","hd":false},{"ty":"tr","p":{"a":0,"k":[0,0],"ix":2},"a":{"a":0,"k":[0,0],"ix":1},"s":{"a":0,"k":[100,100],"ix":3},"r":{"a":0,"k":0,"ix":6},"o":{"a":0,"k":100,"ix":7},"sk":{"a":0,"k":0,"ix":4},"sa":{"a":0,"k":0,"ix":5},"nm":"Transform"}],"nm":"Shape 2","np":3,"cix":2,"bm":0,"ix":1,"mn":"ADBE Vector Group","hd":false},{"ty":"gr","it":[{"ind":0,"ty":"sh","ix":1,"ks":{"a":0,"k":{"i":[[0,0],[0,0]],"o":[[0,0],[0,0]],"v":[[259,151],[72,151]],"c":false},"ix":2},"nm":"Path 1","mn":"ADBE Vector Shape - Group","hd":false},{"ty":"st","c":{"a":0,"k":[0,0,0,1],"ix":3},"o":{"a":0,"k":100,"ix":4},"w":{"a":0,"k":142,"ix":5},"lc":2,"lj":1,"ml":4,"bm":0,"nm":"Stroke 1","mn":"ADBE Vector Graphic - Stroke","hd":false},{"ty":"tr","p":{"a":0,"k":[0,0],"ix":2},"a":{"a":0,"k":[0,0],"ix":1},"s":{"a":0,"k":[100,100],"ix":3},"r":{"a":0,"k":0,"ix":6},"o":{"a":0,"k":100,"ix":7},"sk":{"a":0,"k":0,"ix":4},"sa":{"a":0,"k":0,"ix":5},"nm":"Transform"}],"nm":"Shape 1","np":3,"cix":2,"bm":0,"ix":2,"mn":"ADBE Vector Group","hd":false}],"ip":0,"op":180,"st":0,"ct":1,"bm":0},{"ddd":0,"ind":21,"ty":4,"nm":"Shape Layer 9","sr":1,"ks":{"o":{"a":0,"k":100,"ix":11},"r":{"a":0,"k":0,"ix":10},"p":{"a":0,"k":[387.724,408.989,0],"ix":2,"l":2},"a":{"a":0,"k":[37.724,134.989,0],"ix":1,"l":2},"s":{"a":0,"k":[100,100,100],"ix":6,"l":2}},"ao":0,"shapes":[{"ty":"gr","it":[{"ind":0,"ty":"sh","ix":1,"ks":{"a":0,"k":{"i":[[0,0],[4.43,-25.22],[-8.594,-5.289],[-22.5,17],[24.5,26]],"o":[[0,0],[-8.64,49.19],[13,8],[22.5,-17],[-24.5,-26]],"v":[[8.5,43],[-100.663,66.059],[-11,215],[62.5,218.5],[77.5,78.5]],"c":true},"ix":2},"nm":"Path 1","mn":"ADBE Vector Shape - Group","hd":false},{"ty":"fl","c":{"a":0,"k":[1,1,1,1],"ix":4},"o":{"a":0,"k":100,"ix":5},"r":1,"bm":0,"nm":"Fill 1","mn":"ADBE Vector Graphic - Fill","hd":false},{"ty":"tr","p":{"a":0,"k":[0,0],"ix":2},"a":{"a":0,"k":[0,0],"ix":1},"s":{"a":0,"k":[100,100],"ix":3},"r":{"a":0,"k":0,"ix":6},"o":{"a":0,"k":100,"ix":7},"sk":{"a":0,"k":0,"ix":4},"sa":{"a":0,"k":0,"ix":5},"nm":"Transform"}],"nm":"Shape 1","np":3,"cix":2,"bm":0,"ix":1,"mn":"ADBE Vector Group","hd":false}],"ip":0,"op":180,"st":0,"ct":1,"bm":0},{"ddd":0,"ind":22,"ty":4,"nm":"Shape Layer 6","sr":1,"ks":{"o":{"a":0,"k":100,"ix":11},"r":{"a":0,"k":0,"ix":10},"p":{"a":0,"k":[228,420,0],"ix":2,"l":2},"a":{"a":0,"k":[154,151,0],"ix":1,"l":2},"s":{"a":0,"k":[100,100,100],"ix":6,"l":2}},"ao":0,"shapes":[{"ty":"gr","it":[{"ind":0,"ty":"sh","ix":1,"ks":{"a":0,"k":{"i":[[0,0],[0,0]],"o":[[0,0],[0,0]],"v":[[259,151],[72,151]],"c":false},"ix":2},"nm":"Path 1","mn":"ADBE Vector Shape - Group","hd":false},{"ty":"st","c":{"a":0,"k":[1,1,1,1],"ix":3},"o":{"a":0,"k":100,"ix":4},"w":{"a":0,"k":140,"ix":5},"lc":2,"lj":1,"ml":4,"bm":0,"nm":"Stroke 1","mn":"ADBE Vector Graphic - Stroke","hd":false},{"ty":"tr","p":{"a":0,"k":[0,0],"ix":2},"a":{"a":0,"k":[0,0],"ix":1},"s":{"a":0,"k":[100,100],"ix":3},"r":{"a":0,"k":0,"ix":6},"o":{"a":0,"k":100,"ix":7},"sk":{"a":0,"k":0,"ix":4},"sa":{"a":0,"k":0,"ix":5},"nm":"Transform"}],"nm":"Shape 2","np":3,"cix":2,"bm":0,"ix":1,"mn":"ADBE Vector Group","hd":false},{"ty":"gr","it":[{"ind":0,"ty":"sh","ix":1,"ks":{"a":0,"k":{"i":[[0,0],[0,0]],"o":[[0,0],[0,0]],"v":[[259,151],[72,151]],"c":false},"ix":2},"nm":"Path 1","mn":"ADBE Vector Shape - Group","hd":false},{"ty":"st","c":{"a":0,"k":[0,0,0,1],"ix":3},"o":{"a":0,"k":100,"ix":4},"w":{"a":0,"k":142,"ix":5},"lc":2,"lj":1,"ml":4,"bm":0,"nm":"Stroke 1","mn":"ADBE Vector Graphic - Stroke","hd":false},{"ty":"tr","p":{"a":0,"k":[0,0],"ix":2},"a":{"a":0,"k":[0,0],"ix":1},"s":{"a":0,"k":[100,100],"ix":3},"r":{"a":0,"k":0,"ix":6},"o":{"a":0,"k":100,"ix":7},"sk":{"a":0,"k":0,"ix":4},"sa":{"a":0,"k":0,"ix":5},"nm":"Transform"}],"nm":"Shape 1","np":3,"cix":2,"bm":0,"ix":2,"mn":"ADBE Vector Group","hd":false}],"ip":0,"op":180,"st":0,"ct":1,"bm":0},{"ddd":0,"ind":25,"ty":4,"nm":"Shape Layer 3","sr":1,"ks":{"o":{"a":0,"k":100,"ix":11},"r":{"a":0,"k":0,"ix":10},"p":{"a":0,"k":[37,274,0],"ix":2,"l":2},"a":{"a":0,"k":[0,0,0],"ix":1,"l":2},"s":{"a":0,"k":[100,100,100],"ix":6,"l":2}},"ao":0,"shapes":[{"ty":"gr","it":[{"ind":0,"ty":"sh","ix":1,"ks":{"a":0,"k":{"i":[[0,0],[-1.009,-25.178],[-8.884,0.514],[0,0],[0.339,37.553]],"o":[[0,0],[24.145,-0.127],[60.25,-0.25],[0,0],[-10.406,-0.749]],"v":[[192.385,15.196],[191.759,216.356],[246.5,216.25],[322.5,216.5],[322.906,14.749]],"c":true},"ix":2},"nm":"Path 1","mn":"ADBE Vector Shape - Group","hd":false},{"ty":"st","c":{"a":0,"k":[0.003921568627,0.003921568627,0.003921568627,1],"ix":3},"o":{"a":0,"k":100,"ix":4},"w":{"a":0,"k":1,"ix":5},"lc":1,"lj":1,"ml":4,"bm":0,"nm":"Stroke 1","mn":"ADBE Vector Graphic - Stroke","hd":false},{"ty":"fl","c":{"a":0,"k":[1,1,1,1],"ix":4},"o":{"a":0,"k":100,"ix":5},"r":1,"bm":0,"nm":"Fill 1","mn":"ADBE Vector Graphic - Fill","hd":false},{"ty":"tr","p":{"a":0,"k":[0,0],"ix":2},"a":{"a":0,"k":[0,0],"ix":1},"s":{"a":0,"k":[100,100],"ix":3},"r":{"a":0,"k":0,"ix":6},"o":{"a":0,"k":100,"ix":7},"sk":{"a":0,"k":0,"ix":4},"sa":{"a":0,"k":0,"ix":5},"nm":"Transform"}],"nm":"Shape 1","np":3,"cix":2,"bm":0,"ix":1,"mn":"ADBE Vector Group","hd":false}],"ip":0,"op":180,"st":0,"ct":1,"bm":0},{"ddd":0,"ind":26,"ty":4,"nm":"Shape Layer 2","sr":1,"ks":{"o":{"a":0,"k":100,"ix":11},"r":{"a":0,"k":0,"ix":10},"p":{"a":0,"k":[349.5,274,0],"ix":2,"l":2},"a":{"a":0,"k":[0,0,0],"ix":1,"l":2},"s":{"a":0,"k":[100,100,100],"ix":6,"l":2}},"ao":0,"shapes":[{"ty":"gr","it":[{"ind":0,"ty":"sh","ix":1,"ks":{"a":0,"k":{"i":[[0,0],[-1.009,-25.178],[-8.884,0.514],[-9,33.25],[0.339,37.553]],"o":[[0,0],[24.145,-0.127],[60.25,-9.25],[0.759,-31.509],[-10.406,-0.749]],"v":[[194.385,15.018],[195.009,217.178],[246.5,216.25],[331.5,136.5],[331.906,14.749]],"c":true},"ix":2},"nm":"Path 1","mn":"ADBE Vector Shape - Group","hd":false},{"ty":"st","c":{"a":0,"k":[0.003921568627,0.003921568627,0.003921568627,1],"ix":3},"o":{"a":0,"k":100,"ix":4},"w":{"a":0,"k":1,"ix":5},"lc":1,"lj":1,"ml":4,"bm":0,"nm":"Stroke 1","mn":"ADBE Vector Graphic - Stroke","hd":false},{"ty":"fl","c":{"a":0,"k":[1,1,1,1],"ix":4},"o":{"a":0,"k":100,"ix":5},"r":1,"bm":0,"nm":"Fill 1","mn":"ADBE Vector Graphic - Fill","hd":false},{"ty":"tr","p":{"a":0,"k":[0,0],"ix":2},"a":{"a":0,"k":[0,0],"ix":1},"s":{"a":0,"k":[100,100],"ix":3},"r":{"a":0,"k":0,"ix":6},"o":{"a":0,"k":100,"ix":7},"sk":{"a":0,"k":0,"ix":4},"sa":{"a":0,"k":0,"ix":5},"nm":"Transform"}],"nm":"Shape 1","np":3,"cix":2,"bm":0,"ix":1,"mn":"ADBE Vector Group","hd":false}],"ip":0,"op":180,"st":0,"ct":1,"bm":0},{"ddd":0,"ind":27,"ty":4,"nm":"Shape Layer 1","sr":1,"ks":{"o":{"a":0,"k":100,"ix":11},"r":{"a":0,"k":0,"ix":10},"p":{"a":0,"k":[350,274,0],"ix":2,"l":2},"a":{"a":0,"k":[0,0,0],"ix":1,"l":2},"s":{"a":0,"k":[100,100,100],"ix":6,"l":2}},"ao":0,"shapes":[{"ty":"gr","it":[{"ind":0,"ty":"sh","ix":1,"ks":{"a":0,"k":{"i":[[115.5,5.5],[15.125,0.125],[-4,-144.25],[0,0],[-47.5,2.75],[-9,33.25],[0.658,32.009]],"o":[[-42.954,-2.045],[-33.25,0.25],[-0.5,183.75],[0,0],[60.25,-9.25],[1,-41.5],[-0.75,-36.5]],"v":[[173.5,-163],[31.5,-162.75],[-120.75,14.5],[-122.25,215.25],[246.5,216.25],[331.5,136.5],[331.5,-15.25]],"c":true},"ix":2},"nm":"Path 1","mn":"ADBE Vector Shape - Group","hd":false},{"ty":"fl","c":{"a":0,"k":[0,0,0,1],"ix":4},"o":{"a":0,"k":100,"ix":5},"r":1,"bm":0,"nm":"Fill 1","mn":"ADBE Vector Graphic - Fill","hd":false},{"ty":"tr","p":{"a":0,"k":[0,0],"ix":2},"a":{"a":0,"k":[0,0],"ix":1},"s":{"a":0,"k":[100,100],"ix":3},"r":{"a":0,"k":0,"ix":6},"o":{"a":0,"k":100,"ix":7},"sk":{"a":0,"k":0,"ix":4},"sa":{"a":0,"k":0,"ix":5},"nm":"Transform"}],"nm":"Shape 1","np":3,"cix":2,"bm":0,"ix":1,"mn":"ADBE Vector Group","hd":false}],"ip":0,"op":180,"st":0,"ct":1,"bm":0}],"markers":[],"props":{}}